[0.091s] DEBUG:colcon:Command line arguments: ['/usr/bin/colcon', 'list', '-p', '--base-paths', '/home/ruby/trento_lab_home/ros_ws/src/locosim/robot_control/base_controllers', '--log-base', '/dev/null']
[0.091s] DEBUG:colcon:Parsed command line arguments: Namespace(log_base=None, log_level=None, verb_name='list', build_base='build', ignore_user_meta=False, metas=['./colcon.meta'], base_paths=['/home/ruby/trento_lab_home/ros_ws/src/locosim/robot_control/base_controllers', '--log-base', '/dev/null'], packages_ignore=None, packages_ignore_regex=None, paths=None, packages_up_to=None, packages_up_to_regex=None, packages_above=None, packages_above_and_dependencies=None, packages_above_depth=None, packages_select_by_dep=None, packages_skip_by_dep=None, packages_skip_up_to=None, packages_select_build_failed=False, packages_skip_build_finished=False, packages_select_test_failures=False, packages_skip_test_passed=False, packages_select=None, packages_skip=None, packages_select_regex=None, packages_skip_regex=None, packages_start=None, packages_end=None, allow_overriding=[], topological_order=False, names_only=False, paths_only=True, topological_graph=False, topological_graph_dot=False, topological_graph_density=False, topological_graph_legend=False, topological_graph_dot_cluster=False, topological_graph_dot_include_skipped=False, mixin_files=None, mixin=None, verb_parser=<colcon_mixin.mixin.mixin_argument.MixinArgumentDecorator object at 0x72f8836cdaf0>, verb_extension=<colcon_package_information.verb.list.ListVerb object at 0x72f8837f57c0>, main=<bound method ListVerb.main of <colcon_package_information.verb.list.ListVerb object at 0x72f8837f57c0>>, mixin_verb=('list',))
[0.123s] Level 1:colcon.colcon_core.package_discovery:discover_packages(colcon_meta) check parameters
[0.123s] Level 1:colcon.colcon_core.package_discovery:discover_packages(recursive) check parameters
[0.123s] Level 1:colcon.colcon_core.package_discovery:discover_packages(ignore) check parameters
[0.123s] Level 1:colcon.colcon_core.package_discovery:discover_packages(path) check parameters
[0.123s] Level 1:colcon.colcon_core.package_discovery:discover_packages(recursive) discover
[0.123s] INFO:colcon.colcon_core.package_discovery:Crawling recursively for packages in '/home/ruby/trento_lab_home/ros_ws/src/locosim/robot_control/base_controllers', '/home/ruby/trento_lab_home/ros_ws/src/locosim/robot_control/base_controllers/--log-base', '/dev/null'
[0.123s] Level 1:colcon.colcon_core.package_identification:_identify(/home/ruby/trento_lab_home/ros_ws/src/locosim/robot_control/base_controllers) by extensions ['ignore', 'ignore_ament_install']
[0.124s] Level 1:colcon.colcon_core.package_identification:_identify(/home/ruby/trento_lab_home/ros_ws/src/locosim/robot_control/base_controllers) by extension 'ignore'
[0.124s] Level 1:colcon.colcon_core.package_identification:_identify(/home/ruby/trento_lab_home/ros_ws/src/locosim/robot_control/base_controllers) by extension 'ignore_ament_install'
[0.124s] Level 1:colcon.colcon_core.package_identification:_identify(/home/ruby/trento_lab_home/ros_ws/src/locosim/robot_control/base_controllers) by extensions ['colcon_pkg']
[0.124s] Level 1:colcon.colcon_core.package_identification:_identify(/home/ruby/trento_lab_home/ros_ws/src/locosim/robot_control/base_controllers) by extension 'colcon_pkg'
[0.124s] Level 1:colcon.colcon_core.package_identification:_identify(/home/ruby/trento_lab_home/ros_ws/src/locosim/robot_control/base_controllers) by extensions ['colcon_meta']
[0.124s] Level 1:colcon.colcon_core.package_identification:_identify(/home/ruby/trento_lab_home/ros_ws/src/locosim/robot_control/base_controllers) by extension 'colcon_meta'
[0.124s] Level 1:colcon.colcon_core.package_identification:_identify(/home/ruby/trento_lab_home/ros_ws/src/locosim/robot_control/base_controllers) by extensions ['ros']
[0.124s] Level 1:colcon.colcon_core.package_identification:_identify(/home/ruby/trento_lab_home/ros_ws/src/locosim/robot_control/base_controllers) by extension 'ros'
[0.144s] Level 1:colcon.colcon_core.package_identification:_identify(/home/ruby/trento_lab_home/ros_ws/src/locosim/robot_control/base_controllers) by extensions ['cmake', 'python']
[0.144s] Level 1:colcon.colcon_core.package_identification:_identify(/home/ruby/trento_lab_home/ros_ws/src/locosim/robot_control/base_controllers) by extension 'cmake'
[0.144s] Level 1:colcon.colcon_core.package_identification:_identify(/home/ruby/trento_lab_home/ros_ws/src/locosim/robot_control/base_controllers) by extension 'python'
[0.144s] Level 1:colcon.colcon_core.package_identification:_identify(/home/ruby/trento_lab_home/ros_ws/src/locosim/robot_control/base_controllers) by extensions ['python_setup_py']
[0.144s] Level 1:colcon.colcon_core.package_identification:_identify(/home/ruby/trento_lab_home/ros_ws/src/locosim/robot_control/base_controllers) by extension 'python_setup_py'
[0.144s] Level 1:colcon.colcon_core.package_identification:_identify(/home/ruby/trento_lab_home/ros_ws/src/locosim/robot_control/base_controllers/__pycache__) by extensions ['ignore', 'ignore_ament_install']
[0.144s] Level 1:colcon.colcon_core.package_identification:_identify(/home/ruby/trento_lab_home/ros_ws/src/locosim/robot_control/base_controllers/__pycache__) by extension 'ignore'
[0.144s] Level 1:colcon.colcon_core.package_identification:_identify(/home/ruby/trento_lab_home/ros_ws/src/locosim/robot_control/base_controllers/__pycache__) by extension 'ignore_ament_install'
[0.144s] Level 1:colcon.colcon_core.package_identification:_identify(/home/ruby/trento_lab_home/ros_ws/src/locosim/robot_control/base_controllers/__pycache__) by extensions ['colcon_pkg']
[0.145s] Level 1:colcon.colcon_core.package_identification:_identify(/home/ruby/trento_lab_home/ros_ws/src/locosim/robot_control/base_controllers/__pycache__) by extension 'colcon_pkg'
[0.145s] Level 1:colcon.colcon_core.package_identification:_identify(/home/ruby/trento_lab_home/ros_ws/src/locosim/robot_control/base_controllers/__pycache__) by extensions ['colcon_meta']
[0.145s] Level 1:colcon.colcon_core.package_identification:_identify(/home/ruby/trento_lab_home/ros_ws/src/locosim/robot_control/base_controllers/__pycache__) by extension 'colcon_meta'
[0.145s] Level 1:colcon.colcon_core.package_identification:_identify(/home/ruby/trento_lab_home/ros_ws/src/locosim/robot_control/base_controllers/__pycache__) by extensions ['ros']
[0.145s] Level 1:colcon.colcon_core.package_identification:_identify(/home/ruby/trento_lab_home/ros_ws/src/locosim/robot_control/base_controllers/__pycache__) by extension 'ros'
[0.145s] Level 1:colcon.colcon_core.package_identification:_identify(/home/ruby/trento_lab_home/ros_ws/src/locosim/robot_control/base_controllers/__pycache__) by extensions ['cmake', 'python']
[0.145s] Level 1:colcon.colcon_core.package_identification:_identify(/home/ruby/trento_lab_home/ros_ws/src/locosim/robot_control/base_controllers/__pycache__) by extension 'cmake'
[0.145s] Level 1:colcon.colcon_core.package_identification:_identify(/home/ruby/trento_lab_home/ros_ws/src/locosim/robot_control/base_controllers/__pycache__) by extension 'python'
[0.145s] Level 1:colcon.colcon_core.package_identification:_identify(/home/ruby/trento_lab_home/ros_ws/src/locosim/robot_control/base_controllers/__pycache__) by extensions ['python_setup_py']
[0.145s] Level 1:colcon.colcon_core.package_identification:_identify(/home/ruby/trento_lab_home/ros_ws/src/locosim/robot_control/base_controllers/__pycache__) by extension 'python_setup_py'
[0.145s] Level 1:colcon.colcon_core.package_identification:_identify(/home/ruby/trento_lab_home/ros_ws/src/locosim/robot_control/base_controllers/climbingrobot_controller) by extensions ['ignore', 'ignore_ament_install']
[0.145s] Level 1:colcon.colcon_core.package_identification:_identify(/home/ruby/trento_lab_home/ros_ws/src/locosim/robot_control/base_controllers/climbingrobot_controller) by extension 'ignore'
[0.145s] Level 1:colcon.colcon_core.package_identification:_identify(/home/ruby/trento_lab_home/ros_ws/src/locosim/robot_control/base_controllers/climbingrobot_controller) by extension 'ignore_ament_install'
[0.145s] Level 1:colcon.colcon_core.package_identification:_identify(/home/ruby/trento_lab_home/ros_ws/src/locosim/robot_control/base_controllers/climbingrobot_controller) by extensions ['colcon_pkg']
[0.145s] Level 1:colcon.colcon_core.package_identification:_identify(/home/ruby/trento_lab_home/ros_ws/src/locosim/robot_control/base_controllers/climbingrobot_controller) by extension 'colcon_pkg'
[0.145s] Level 1:colcon.colcon_core.package_identification:_identify(/home/ruby/trento_lab_home/ros_ws/src/locosim/robot_control/base_controllers/climbingrobot_controller) by extensions ['colcon_meta']
[0.145s] Level 1:colcon.colcon_core.package_identification:_identify(/home/ruby/trento_lab_home/ros_ws/src/locosim/robot_control/base_controllers/climbingrobot_controller) by extension 'colcon_meta'
[0.145s] Level 1:colcon.colcon_core.package_identification:_identify(/home/ruby/trento_lab_home/ros_ws/src/locosim/robot_control/base_controllers/climbingrobot_controller) by extensions ['ros']
[0.145s] Level 1:colcon.colcon_core.package_identification:_identify(/home/ruby/trento_lab_home/ros_ws/src/locosim/robot_control/base_controllers/climbingrobot_controller) by extension 'ros'
[0.145s] Level 1:colcon.colcon_core.package_identification:_identify(/home/ruby/trento_lab_home/ros_ws/src/locosim/robot_control/base_controllers/climbingrobot_controller) by extensions ['cmake', 'python']
[0.145s] Level 1:colcon.colcon_core.package_identification:_identify(/home/ruby/trento_lab_home/ros_ws/src/locosim/robot_control/base_controllers/climbingrobot_controller) by extension 'cmake'
[0.145s] Level 1:colcon.colcon_core.package_identification:_identify(/home/ruby/trento_lab_home/ros_ws/src/locosim/robot_control/base_controllers/climbingrobot_controller) by extension 'python'
[0.145s] Level 1:colcon.colcon_core.package_identification:_identify(/home/ruby/trento_lab_home/ros_ws/src/locosim/robot_control/base_controllers/climbingrobot_controller) by extensions ['python_setup_py']
[0.145s] Level 1:colcon.colcon_core.package_identification:_identify(/home/ruby/trento_lab_home/ros_ws/src/locosim/robot_control/base_controllers/climbingrobot_controller) by extension 'python_setup_py'
[0.145s] Level 1:colcon.colcon_core.package_identification:_identify(/home/ruby/trento_lab_home/ros_ws/src/locosim/robot_control/base_controllers/climbingrobot_controller/climb_multiple_jumps) by extensions ['ignore', 'ignore_ament_install']
[0.145s] Level 1:colcon.colcon_core.package_identification:_identify(/home/ruby/trento_lab_home/ros_ws/src/locosim/robot_control/base_controllers/climbingrobot_controller/climb_multiple_jumps) by extension 'ignore'
[0.145s] Level 1:colcon.colcon_core.package_identification:_identify(/home/ruby/trento_lab_home/ros_ws/src/locosim/robot_control/base_controllers/climbingrobot_controller/climb_multiple_jumps) by extension 'ignore_ament_install'
[0.145s] Level 1:colcon.colcon_core.package_identification:_identify(/home/ruby/trento_lab_home/ros_ws/src/locosim/robot_control/base_controllers/climbingrobot_controller/climb_multiple_jumps) by extensions ['colcon_pkg']
[0.145s] Level 1:colcon.colcon_core.package_identification:_identify(/home/ruby/trento_lab_home/ros_ws/src/locosim/robot_control/base_controllers/climbingrobot_controller/climb_multiple_jumps) by extension 'colcon_pkg'
[0.145s] Level 1:colcon.colcon_core.package_identification:_identify(/home/ruby/trento_lab_home/ros_ws/src/locosim/robot_control/base_controllers/climbingrobot_controller/climb_multiple_jumps) by extensions ['colcon_meta']
[0.145s] Level 1:colcon.colcon_core.package_identification:_identify(/home/ruby/trento_lab_home/ros_ws/src/locosim/robot_control/base_controllers/climbingrobot_controller/climb_multiple_jumps) by extension 'colcon_meta'
[0.145s] Level 1:colcon.colcon_core.package_identification:_identify(/home/ruby/trento_lab_home/ros_ws/src/locosim/robot_control/base_controllers/climbingrobot_controller/climb_multiple_jumps) by extensions ['ros']
[0.146s] Level 1:colcon.colcon_core.package_identification:_identify(/home/ruby/trento_lab_home/ros_ws/src/locosim/robot_control/base_controllers/climbingrobot_controller/climb_multiple_jumps) by extension 'ros'
[0.146s] Level 1:colcon.colcon_core.package_identification:_identify(/home/ruby/trento_lab_home/ros_ws/src/locosim/robot_control/base_controllers/climbingrobot_controller/climb_multiple_jumps) by extensions ['cmake', 'python']
[0.146s] Level 1:colcon.colcon_core.package_identification:_identify(/home/ruby/trento_lab_home/ros_ws/src/locosim/robot_control/base_controllers/climbingrobot_controller/climb_multiple_jumps) by extension 'cmake'
[0.146s] Level 1:colcon.colcon_core.package_identification:_identify(/home/ruby/trento_lab_home/ros_ws/src/locosim/robot_control/base_controllers/climbingrobot_controller/climb_multiple_jumps) by extension 'python'
[0.146s] Level 1:colcon.colcon_core.package_identification:_identify(/home/ruby/trento_lab_home/ros_ws/src/locosim/robot_control/base_controllers/climbingrobot_controller/climb_multiple_jumps) by extensions ['python_setup_py']
[0.146s] Level 1:colcon.colcon_core.package_identification:_identify(/home/ruby/trento_lab_home/ros_ws/src/locosim/robot_control/base_controllers/climbingrobot_controller/climb_multiple_jumps) by extension 'python_setup_py'
[0.146s] Level 1:colcon.colcon_core.package_identification:_identify(/home/ruby/trento_lab_home/ros_ws/src/locosim/robot_control/base_controllers/climbingrobot_controller/climb_multiple_jumps/cem) by extensions ['ignore', 'ignore_ament_install']
[0.146s] Level 1:colcon.colcon_core.package_identification:_identify(/home/ruby/trento_lab_home/ros_ws/src/locosim/robot_control/base_controllers/climbingrobot_controller/climb_multiple_jumps/cem) by extension 'ignore'
[0.146s] Level 1:colcon.colcon_core.package_identification:_identify(/home/ruby/trento_lab_home/ros_ws/src/locosim/robot_control/base_controllers/climbingrobot_controller/climb_multiple_jumps/cem) by extension 'ignore_ament_install'
[0.146s] Level 1:colcon.colcon_core.package_identification:_identify(/home/ruby/trento_lab_home/ros_ws/src/locosim/robot_control/base_controllers/climbingrobot_controller/climb_multiple_jumps/cem) by extensions ['colcon_pkg']
[0.146s] Level 1:colcon.colcon_core.package_identification:_identify(/home/ruby/trento_lab_home/ros_ws/src/locosim/robot_control/base_controllers/climbingrobot_controller/climb_multiple_jumps/cem) by extension 'colcon_pkg'
[0.146s] Level 1:colcon.colcon_core.package_identification:_identify(/home/ruby/trento_lab_home/ros_ws/src/locosim/robot_control/base_controllers/climbingrobot_controller/climb_multiple_jumps/cem) by extensions ['colcon_meta']
[0.146s] Level 1:colcon.colcon_core.package_identification:_identify(/home/ruby/trento_lab_home/ros_ws/src/locosim/robot_control/base_controllers/climbingrobot_controller/climb_multiple_jumps/cem) by extension 'colcon_meta'
[0.146s] Level 1:colcon.colcon_core.package_identification:_identify(/home/ruby/trento_lab_home/ros_ws/src/locosim/robot_control/base_controllers/climbingrobot_controller/climb_multiple_jumps/cem) by extensions ['ros']
[0.146s] Level 1:colcon.colcon_core.package_identification:_identify(/home/ruby/trento_lab_home/ros_ws/src/locosim/robot_control/base_controllers/climbingrobot_controller/climb_multiple_jumps/cem) by extension 'ros'
[0.146s] Level 1:colcon.colcon_core.package_identification:_identify(/home/ruby/trento_lab_home/ros_ws/src/locosim/robot_control/base_controllers/climbingrobot_controller/climb_multiple_jumps/cem) by extensions ['cmake', 'python']
[0.146s] Level 1:colcon.colcon_core.package_identification:_identify(/home/ruby/trento_lab_home/ros_ws/src/locosim/robot_control/base_controllers/climbingrobot_controller/climb_multiple_jumps/cem) by extension 'cmake'
[0.146s] Level 1:colcon.colcon_core.package_identification:_identify(/home/ruby/trento_lab_home/ros_ws/src/locosim/robot_control/base_controllers/climbingrobot_controller/climb_multiple_jumps/cem) by extension 'python'
[0.146s] Level 1:colcon.colcon_core.package_identification:_identify(/home/ruby/trento_lab_home/ros_ws/src/locosim/robot_control/base_controllers/climbingrobot_controller/climb_multiple_jumps/cem) by extensions ['python_setup_py']
[0.146s] Level 1:colcon.colcon_core.package_identification:_identify(/home/ruby/trento_lab_home/ros_ws/src/locosim/robot_control/base_controllers/climbingrobot_controller/climb_multiple_jumps/cem) by extension 'python_setup_py'
[0.146s] Level 1:colcon.colcon_core.package_identification:_identify(/home/ruby/trento_lab_home/ros_ws/src/locosim/robot_control/base_controllers/climbingrobot_controller/climb_multiple_jumps/cem/__pycache__) by extensions ['ignore', 'ignore_ament_install']
[0.146s] Level 1:colcon.colcon_core.package_identification:_identify(/home/ruby/trento_lab_home/ros_ws/src/locosim/robot_control/base_controllers/climbingrobot_controller/climb_multiple_jumps/cem/__pycache__) by extension 'ignore'
[0.146s] Level 1:colcon.colcon_core.package_identification:_identify(/home/ruby/trento_lab_home/ros_ws/src/locosim/robot_control/base_controllers/climbingrobot_controller/climb_multiple_jumps/cem/__pycache__) by extension 'ignore_ament_install'
[0.146s] Level 1:colcon.colcon_core.package_identification:_identify(/home/ruby/trento_lab_home/ros_ws/src/locosim/robot_control/base_controllers/climbingrobot_controller/climb_multiple_jumps/cem/__pycache__) by extensions ['colcon_pkg']
[0.146s] Level 1:colcon.colcon_core.package_identification:_identify(/home/ruby/trento_lab_home/ros_ws/src/locosim/robot_control/base_controllers/climbingrobot_controller/climb_multiple_jumps/cem/__pycache__) by extension 'colcon_pkg'
[0.146s] Level 1:colcon.colcon_core.package_identification:_identify(/home/ruby/trento_lab_home/ros_ws/src/locosim/robot_control/base_controllers/climbingrobot_controller/climb_multiple_jumps/cem/__pycache__) by extensions ['colcon_meta']
[0.146s] Level 1:colcon.colcon_core.package_identification:_identify(/home/ruby/trento_lab_home/ros_ws/src/locosim/robot_control/base_controllers/climbingrobot_controller/climb_multiple_jumps/cem/__pycache__) by extension 'colcon_meta'
[0.146s] Level 1:colcon.colcon_core.package_identification:_identify(/home/ruby/trento_lab_home/ros_ws/src/locosim/robot_control/base_controllers/climbingrobot_controller/climb_multiple_jumps/cem/__pycache__) by extensions ['ros']
[0.146s] Level 1:colcon.colcon_core.package_identification:_identify(/home/ruby/trento_lab_home/ros_ws/src/locosim/robot_control/base_controllers/climbingrobot_controller/climb_multiple_jumps/cem/__pycache__) by extension 'ros'
[0.146s] Level 1:colcon.colcon_core.package_identification:_identify(/home/ruby/trento_lab_home/ros_ws/src/locosim/robot_control/base_controllers/climbingrobot_controller/climb_multiple_jumps/cem/__pycache__) by extensions ['cmake', 'python']
[0.146s] Level 1:colcon.colcon_core.package_identification:_identify(/home/ruby/trento_lab_home/ros_ws/src/locosim/robot_control/base_controllers/climbingrobot_controller/climb_multiple_jumps/cem/__pycache__) by extension 'cmake'
[0.147s] Level 1:colcon.colcon_core.package_identification:_identify(/home/ruby/trento_lab_home/ros_ws/src/locosim/robot_control/base_controllers/climbingrobot_controller/climb_multiple_jumps/cem/__pycache__) by extension 'python'
[0.147s] Level 1:colcon.colcon_core.package_identification:_identify(/home/ruby/trento_lab_home/ros_ws/src/locosim/robot_control/base_controllers/climbingrobot_controller/climb_multiple_jumps/cem/__pycache__) by extensions ['python_setup_py']
[0.147s] Level 1:colcon.colcon_core.package_identification:_identify(/home/ruby/trento_lab_home/ros_ws/src/locosim/robot_control/base_controllers/climbingrobot_controller/climb_multiple_jumps/cem/__pycache__) by extension 'python_setup_py'
[0.147s] Level 1:colcon.colcon_core.package_identification:_identify(/home/ruby/trento_lab_home/ros_ws/src/locosim/robot_control/base_controllers/climbingrobot_controller/codegen) by extensions ['ignore', 'ignore_ament_install']
[0.147s] Level 1:colcon.colcon_core.package_identification:_identify(/home/ruby/trento_lab_home/ros_ws/src/locosim/robot_control/base_controllers/climbingrobot_controller/codegen) by extension 'ignore'
[0.147s] Level 1:colcon.colcon_core.package_identification:_identify(/home/ruby/trento_lab_home/ros_ws/src/locosim/robot_control/base_controllers/climbingrobot_controller/codegen) by extension 'ignore_ament_install'
[0.147s] Level 1:colcon.colcon_core.package_identification:_identify(/home/ruby/trento_lab_home/ros_ws/src/locosim/robot_control/base_controllers/climbingrobot_controller/codegen) by extensions ['colcon_pkg']
[0.147s] Level 1:colcon.colcon_core.package_identification:_identify(/home/ruby/trento_lab_home/ros_ws/src/locosim/robot_control/base_controllers/climbingrobot_controller/codegen) by extension 'colcon_pkg'
[0.147s] Level 1:colcon.colcon_core.package_identification:_identify(/home/ruby/trento_lab_home/ros_ws/src/locosim/robot_control/base_controllers/climbingrobot_controller/codegen) by extensions ['colcon_meta']
[0.147s] Level 1:colcon.colcon_core.package_identification:_identify(/home/ruby/trento_lab_home/ros_ws/src/locosim/robot_control/base_controllers/climbingrobot_controller/codegen) by extension 'colcon_meta'
[0.147s] Level 1:colcon.colcon_core.package_identification:_identify(/home/ruby/trento_lab_home/ros_ws/src/locosim/robot_control/base_controllers/climbingrobot_controller/codegen) by extensions ['ros']
[0.147s] Level 1:colcon.colcon_core.package_identification:_identify(/home/ruby/trento_lab_home/ros_ws/src/locosim/robot_control/base_controllers/climbingrobot_controller/codegen) by extension 'ros'
[0.147s] Level 1:colcon.colcon_core.package_identification:_identify(/home/ruby/trento_lab_home/ros_ws/src/locosim/robot_control/base_controllers/climbingrobot_controller/codegen) by extensions ['cmake', 'python']
[0.147s] Level 1:colcon.colcon_core.package_identification:_identify(/home/ruby/trento_lab_home/ros_ws/src/locosim/robot_control/base_controllers/climbingrobot_controller/codegen) by extension 'cmake'
[0.147s] Level 1:colcon.colcon_core.package_identification:_identify(/home/ruby/trento_lab_home/ros_ws/src/locosim/robot_control/base_controllers/climbingrobot_controller/codegen) by extension 'python'
[0.147s] Level 1:colcon.colcon_core.package_identification:_identify(/home/ruby/trento_lab_home/ros_ws/src/locosim/robot_control/base_controllers/climbingrobot_controller/codegen) by extensions ['python_setup_py']
[0.147s] Level 1:colcon.colcon_core.package_identification:_identify(/home/ruby/trento_lab_home/ros_ws/src/locosim/robot_control/base_controllers/climbingrobot_controller/codegen) by extension 'python_setup_py'
[0.147s] Level 1:colcon.colcon_core.package_identification:_identify(/home/ruby/trento_lab_home/ros_ws/src/locosim/robot_control/base_controllers/climbingrobot_controller/codegen/mex) by extensions ['ignore', 'ignore_ament_install']
[0.147s] Level 1:colcon.colcon_core.package_identification:_identify(/home/ruby/trento_lab_home/ros_ws/src/locosim/robot_control/base_controllers/climbingrobot_controller/codegen/mex) by extension 'ignore'
[0.147s] Level 1:colcon.colcon_core.package_identification:_identify(/home/ruby/trento_lab_home/ros_ws/src/locosim/robot_control/base_controllers/climbingrobot_controller/codegen/mex) by extension 'ignore_ament_install'
[0.147s] Level 1:colcon.colcon_core.package_identification:_identify(/home/ruby/trento_lab_home/ros_ws/src/locosim/robot_control/base_controllers/climbingrobot_controller/codegen/mex) by extensions ['colcon_pkg']
[0.147s] Level 1:colcon.colcon_core.package_identification:_identify(/home/ruby/trento_lab_home/ros_ws/src/locosim/robot_control/base_controllers/climbingrobot_controller/codegen/mex) by extension 'colcon_pkg'
[0.147s] Level 1:colcon.colcon_core.package_identification:_identify(/home/ruby/trento_lab_home/ros_ws/src/locosim/robot_control/base_controllers/climbingrobot_controller/codegen/mex) by extensions ['colcon_meta']
[0.147s] Level 1:colcon.colcon_core.package_identification:_identify(/home/ruby/trento_lab_home/ros_ws/src/locosim/robot_control/base_controllers/climbingrobot_controller/codegen/mex) by extension 'colcon_meta'
[0.147s] Level 1:colcon.colcon_core.package_identification:_identify(/home/ruby/trento_lab_home/ros_ws/src/locosim/robot_control/base_controllers/climbingrobot_controller/codegen/mex) by extensions ['ros']
[0.147s] Level 1:colcon.colcon_core.package_identification:_identify(/home/ruby/trento_lab_home/ros_ws/src/locosim/robot_control/base_controllers/climbingrobot_controller/codegen/mex) by extension 'ros'
[0.147s] Level 1:colcon.colcon_core.package_identification:_identify(/home/ruby/trento_lab_home/ros_ws/src/locosim/robot_control/base_controllers/climbingrobot_controller/codegen/mex) by extensions ['cmake', 'python']
[0.147s] Level 1:colcon.colcon_core.package_identification:_identify(/home/ruby/trento_lab_home/ros_ws/src/locosim/robot_control/base_controllers/climbingrobot_controller/codegen/mex) by extension 'cmake'
[0.147s] Level 1:colcon.colcon_core.package_identification:_identify(/home/ruby/trento_lab_home/ros_ws/src/locosim/robot_control/base_controllers/climbingrobot_controller/codegen/mex) by extension 'python'
[0.147s] Level 1:colcon.colcon_core.package_identification:_identify(/home/ruby/trento_lab_home/ros_ws/src/locosim/robot_control/base_controllers/climbingrobot_controller/codegen/mex) by extensions ['python_setup_py']
[0.147s] Level 1:colcon.colcon_core.package_identification:_identify(/home/ruby/trento_lab_home/ros_ws/src/locosim/robot_control/base_controllers/climbingrobot_controller/codegen/mex) by extension 'python_setup_py'
[0.148s] Level 1:colcon.colcon_core.package_identification:_identify(/home/ruby/trento_lab_home/ros_ws/src/locosim/robot_control/base_controllers/climbingrobot_controller/codegen/mex/optimize_cpp) by extensions ['ignore', 'ignore_ament_install']
[0.148s] Level 1:colcon.colcon_core.package_identification:_identify(/home/ruby/trento_lab_home/ros_ws/src/locosim/robot_control/base_controllers/climbingrobot_controller/codegen/mex/optimize_cpp) by extension 'ignore'
[0.148s] Level 1:colcon.colcon_core.package_identification:_identify(/home/ruby/trento_lab_home/ros_ws/src/locosim/robot_control/base_controllers/climbingrobot_controller/codegen/mex/optimize_cpp) by extension 'ignore_ament_install'
[0.148s] Level 1:colcon.colcon_core.package_identification:_identify(/home/ruby/trento_lab_home/ros_ws/src/locosim/robot_control/base_controllers/climbingrobot_controller/codegen/mex/optimize_cpp) by extensions ['colcon_pkg']
[0.148s] Level 1:colcon.colcon_core.package_identification:_identify(/home/ruby/trento_lab_home/ros_ws/src/locosim/robot_control/base_controllers/climbingrobot_controller/codegen/mex/optimize_cpp) by extension 'colcon_pkg'
[0.148s] Level 1:colcon.colcon_core.package_identification:_identify(/home/ruby/trento_lab_home/ros_ws/src/locosim/robot_control/base_controllers/climbingrobot_controller/codegen/mex/optimize_cpp) by extensions ['colcon_meta']
[0.148s] Level 1:colcon.colcon_core.package_identification:_identify(/home/ruby/trento_lab_home/ros_ws/src/locosim/robot_control/base_controllers/climbingrobot_controller/codegen/mex/optimize_cpp) by extension 'colcon_meta'
[0.148s] Level 1:colcon.colcon_core.package_identification:_identify(/home/ruby/trento_lab_home/ros_ws/src/locosim/robot_control/base_controllers/climbingrobot_controller/codegen/mex/optimize_cpp) by extensions ['ros']
[0.148s] Level 1:colcon.colcon_core.package_identification:_identify(/home/ruby/trento_lab_home/ros_ws/src/locosim/robot_control/base_controllers/climbingrobot_controller/codegen/mex/optimize_cpp) by extension 'ros'
[0.148s] Level 1:colcon.colcon_core.package_identification:_identify(/home/ruby/trento_lab_home/ros_ws/src/locosim/robot_control/base_controllers/climbingrobot_controller/codegen/mex/optimize_cpp) by extensions ['cmake', 'python']
[0.148s] Level 1:colcon.colcon_core.package_identification:_identify(/home/ruby/trento_lab_home/ros_ws/src/locosim/robot_control/base_controllers/climbingrobot_controller/codegen/mex/optimize_cpp) by extension 'cmake'
[0.148s] Level 1:colcon.colcon_core.package_identification:_identify(/home/ruby/trento_lab_home/ros_ws/src/locosim/robot_control/base_controllers/climbingrobot_controller/codegen/mex/optimize_cpp) by extension 'python'
[0.148s] Level 1:colcon.colcon_core.package_identification:_identify(/home/ruby/trento_lab_home/ros_ws/src/locosim/robot_control/base_controllers/climbingrobot_controller/codegen/mex/optimize_cpp) by extensions ['python_setup_py']
[0.148s] Level 1:colcon.colcon_core.package_identification:_identify(/home/ruby/trento_lab_home/ros_ws/src/locosim/robot_control/base_controllers/climbingrobot_controller/codegen/mex/optimize_cpp) by extension 'python_setup_py'
[0.148s] Level 1:colcon.colcon_core.package_identification:_identify(/home/ruby/trento_lab_home/ros_ws/src/locosim/robot_control/base_controllers/climbingrobot_controller/codegen/mex/optimize_cpp/html) by extensions ['ignore', 'ignore_ament_install']
[0.148s] Level 1:colcon.colcon_core.package_identification:_identify(/home/ruby/trento_lab_home/ros_ws/src/locosim/robot_control/base_controllers/climbingrobot_controller/codegen/mex/optimize_cpp/html) by extension 'ignore'
[0.148s] Level 1:colcon.colcon_core.package_identification:_identify(/home/ruby/trento_lab_home/ros_ws/src/locosim/robot_control/base_controllers/climbingrobot_controller/codegen/mex/optimize_cpp/html) by extension 'ignore_ament_install'
[0.148s] Level 1:colcon.colcon_core.package_identification:_identify(/home/ruby/trento_lab_home/ros_ws/src/locosim/robot_control/base_controllers/climbingrobot_controller/codegen/mex/optimize_cpp/html) by extensions ['colcon_pkg']
[0.148s] Level 1:colcon.colcon_core.package_identification:_identify(/home/ruby/trento_lab_home/ros_ws/src/locosim/robot_control/base_controllers/climbingrobot_controller/codegen/mex/optimize_cpp/html) by extension 'colcon_pkg'
[0.148s] Level 1:colcon.colcon_core.package_identification:_identify(/home/ruby/trento_lab_home/ros_ws/src/locosim/robot_control/base_controllers/climbingrobot_controller/codegen/mex/optimize_cpp/html) by extensions ['colcon_meta']
[0.148s] Level 1:colcon.colcon_core.package_identification:_identify(/home/ruby/trento_lab_home/ros_ws/src/locosim/robot_control/base_controllers/climbingrobot_controller/codegen/mex/optimize_cpp/html) by extension 'colcon_meta'
[0.148s] Level 1:colcon.colcon_core.package_identification:_identify(/home/ruby/trento_lab_home/ros_ws/src/locosim/robot_control/base_controllers/climbingrobot_controller/codegen/mex/optimize_cpp/html) by extensions ['ros']
[0.148s] Level 1:colcon.colcon_core.package_identification:_identify(/home/ruby/trento_lab_home/ros_ws/src/locosim/robot_control/base_controllers/climbingrobot_controller/codegen/mex/optimize_cpp/html) by extension 'ros'
[0.148s] Level 1:colcon.colcon_core.package_identification:_identify(/home/ruby/trento_lab_home/ros_ws/src/locosim/robot_control/base_controllers/climbingrobot_controller/codegen/mex/optimize_cpp/html) by extensions ['cmake', 'python']
[0.148s] Level 1:colcon.colcon_core.package_identification:_identify(/home/ruby/trento_lab_home/ros_ws/src/locosim/robot_control/base_controllers/climbingrobot_controller/codegen/mex/optimize_cpp/html) by extension 'cmake'
[0.148s] Level 1:colcon.colcon_core.package_identification:_identify(/home/ruby/trento_lab_home/ros_ws/src/locosim/robot_control/base_controllers/climbingrobot_controller/codegen/mex/optimize_cpp/html) by extension 'python'
[0.148s] Level 1:colcon.colcon_core.package_identification:_identify(/home/ruby/trento_lab_home/ros_ws/src/locosim/robot_control/base_controllers/climbingrobot_controller/codegen/mex/optimize_cpp/html) by extensions ['python_setup_py']
[0.148s] Level 1:colcon.colcon_core.package_identification:_identify(/home/ruby/trento_lab_home/ros_ws/src/locosim/robot_control/base_controllers/climbingrobot_controller/codegen/mex/optimize_cpp/html) by extension 'python_setup_py'
[0.149s] Level 1:colcon.colcon_core.package_identification:_identify(/home/ruby/trento_lab_home/ros_ws/src/locosim/robot_control/base_controllers/climbingrobot_controller/codegen/mex/optimize_cpp/interface) by extensions ['ignore', 'ignore_ament_install']
[0.149s] Level 1:colcon.colcon_core.package_identification:_identify(/home/ruby/trento_lab_home/ros_ws/src/locosim/robot_control/base_controllers/climbingrobot_controller/codegen/mex/optimize_cpp/interface) by extension 'ignore'
[0.149s] Level 1:colcon.colcon_core.package_identification:_identify(/home/ruby/trento_lab_home/ros_ws/src/locosim/robot_control/base_controllers/climbingrobot_controller/codegen/mex/optimize_cpp/interface) by extension 'ignore_ament_install'
[0.149s] Level 1:colcon.colcon_core.package_identification:_identify(/home/ruby/trento_lab_home/ros_ws/src/locosim/robot_control/base_controllers/climbingrobot_controller/codegen/mex/optimize_cpp/interface) by extensions ['colcon_pkg']
[0.149s] Level 1:colcon.colcon_core.package_identification:_identify(/home/ruby/trento_lab_home/ros_ws/src/locosim/robot_control/base_controllers/climbingrobot_controller/codegen/mex/optimize_cpp/interface) by extension 'colcon_pkg'
[0.149s] Level 1:colcon.colcon_core.package_identification:_identify(/home/ruby/trento_lab_home/ros_ws/src/locosim/robot_control/base_controllers/climbingrobot_controller/codegen/mex/optimize_cpp/interface) by extensions ['colcon_meta']
[0.149s] Level 1:colcon.colcon_core.package_identification:_identify(/home/ruby/trento_lab_home/ros_ws/src/locosim/robot_control/base_controllers/climbingrobot_controller/codegen/mex/optimize_cpp/interface) by extension 'colcon_meta'
[0.149s] Level 1:colcon.colcon_core.package_identification:_identify(/home/ruby/trento_lab_home/ros_ws/src/locosim/robot_control/base_controllers/climbingrobot_controller/codegen/mex/optimize_cpp/interface) by extensions ['ros']
[0.149s] Level 1:colcon.colcon_core.package_identification:_identify(/home/ruby/trento_lab_home/ros_ws/src/locosim/robot_control/base_controllers/climbingrobot_controller/codegen/mex/optimize_cpp/interface) by extension 'ros'
[0.149s] Level 1:colcon.colcon_core.package_identification:_identify(/home/ruby/trento_lab_home/ros_ws/src/locosim/robot_control/base_controllers/climbingrobot_controller/codegen/mex/optimize_cpp/interface) by extensions ['cmake', 'python']
[0.149s] Level 1:colcon.colcon_core.package_identification:_identify(/home/ruby/trento_lab_home/ros_ws/src/locosim/robot_control/base_controllers/climbingrobot_controller/codegen/mex/optimize_cpp/interface) by extension 'cmake'
[0.149s] Level 1:colcon.colcon_core.package_identification:_identify(/home/ruby/trento_lab_home/ros_ws/src/locosim/robot_control/base_controllers/climbingrobot_controller/codegen/mex/optimize_cpp/interface) by extension 'python'
[0.149s] Level 1:colcon.colcon_core.package_identification:_identify(/home/ruby/trento_lab_home/ros_ws/src/locosim/robot_control/base_controllers/climbingrobot_controller/codegen/mex/optimize_cpp/interface) by extensions ['python_setup_py']
[0.149s] Level 1:colcon.colcon_core.package_identification:_identify(/home/ruby/trento_lab_home/ros_ws/src/locosim/robot_control/base_controllers/climbingrobot_controller/codegen/mex/optimize_cpp/interface) by extension 'python_setup_py'
[0.149s] Level 1:colcon.colcon_core.package_identification:_identify(/home/ruby/trento_lab_home/ros_ws/src/locosim/robot_control/base_controllers/climbingrobot_controller/codegen_mesh) by extensions ['ignore', 'ignore_ament_install']
[0.149s] Level 1:colcon.colcon_core.package_identification:_identify(/home/ruby/trento_lab_home/ros_ws/src/locosim/robot_control/base_controllers/climbingrobot_controller/codegen_mesh) by extension 'ignore'
[0.149s] Level 1:colcon.colcon_core.package_identification:_identify(/home/ruby/trento_lab_home/ros_ws/src/locosim/robot_control/base_controllers/climbingrobot_controller/codegen_mesh) by extension 'ignore_ament_install'
[0.149s] Level 1:colcon.colcon_core.package_identification:_identify(/home/ruby/trento_lab_home/ros_ws/src/locosim/robot_control/base_controllers/climbingrobot_controller/codegen_mesh) by extensions ['colcon_pkg']
[0.149s] Level 1:colcon.colcon_core.package_identification:_identify(/home/ruby/trento_lab_home/ros_ws/src/locosim/robot_control/base_controllers/climbingrobot_controller/codegen_mesh) by extension 'colcon_pkg'
[0.149s] Level 1:colcon.colcon_core.package_identification:_identify(/home/ruby/trento_lab_home/ros_ws/src/locosim/robot_control/base_controllers/climbingrobot_controller/codegen_mesh) by extensions ['colcon_meta']
[0.149s] Level 1:colcon.colcon_core.package_identification:_identify(/home/ruby/trento_lab_home/ros_ws/src/locosim/robot_control/base_controllers/climbingrobot_controller/codegen_mesh) by extension 'colcon_meta'
[0.149s] Level 1:colcon.colcon_core.package_identification:_identify(/home/ruby/trento_lab_home/ros_ws/src/locosim/robot_control/base_controllers/climbingrobot_controller/codegen_mesh) by extensions ['ros']
[0.149s] Level 1:colcon.colcon_core.package_identification:_identify(/home/ruby/trento_lab_home/ros_ws/src/locosim/robot_control/base_controllers/climbingrobot_controller/codegen_mesh) by extension 'ros'
[0.149s] Level 1:colcon.colcon_core.package_identification:_identify(/home/ruby/trento_lab_home/ros_ws/src/locosim/robot_control/base_controllers/climbingrobot_controller/codegen_mesh) by extensions ['cmake', 'python']
[0.149s] Level 1:colcon.colcon_core.package_identification:_identify(/home/ruby/trento_lab_home/ros_ws/src/locosim/robot_control/base_controllers/climbingrobot_controller/codegen_mesh) by extension 'cmake'
[0.149s] Level 1:colcon.colcon_core.package_identification:_identify(/home/ruby/trento_lab_home/ros_ws/src/locosim/robot_control/base_controllers/climbingrobot_controller/codegen_mesh) by extension 'python'
[0.149s] Level 1:colcon.colcon_core.package_identification:_identify(/home/ruby/trento_lab_home/ros_ws/src/locosim/robot_control/base_controllers/climbingrobot_controller/codegen_mesh) by extensions ['python_setup_py']
[0.149s] Level 1:colcon.colcon_core.package_identification:_identify(/home/ruby/trento_lab_home/ros_ws/src/locosim/robot_control/base_controllers/climbingrobot_controller/codegen_mesh) by extension 'python_setup_py'
[0.149s] Level 1:colcon.colcon_core.package_identification:_identify(/home/ruby/trento_lab_home/ros_ws/src/locosim/robot_control/base_controllers/climbingrobot_controller/codegen_mesh/mex) by extensions ['ignore', 'ignore_ament_install']
[0.149s] Level 1:colcon.colcon_core.package_identification:_identify(/home/ruby/trento_lab_home/ros_ws/src/locosim/robot_control/base_controllers/climbingrobot_controller/codegen_mesh/mex) by extension 'ignore'
[0.150s] Level 1:colcon.colcon_core.package_identification:_identify(/home/ruby/trento_lab_home/ros_ws/src/locosim/robot_control/base_controllers/climbingrobot_controller/codegen_mesh/mex) by extension 'ignore_ament_install'
[0.150s] Level 1:colcon.colcon_core.package_identification:_identify(/home/ruby/trento_lab_home/ros_ws/src/locosim/robot_control/base_controllers/climbingrobot_controller/codegen_mesh/mex) by extensions ['colcon_pkg']
[0.150s] Level 1:colcon.colcon_core.package_identification:_identify(/home/ruby/trento_lab_home/ros_ws/src/locosim/robot_control/base_controllers/climbingrobot_controller/codegen_mesh/mex) by extension 'colcon_pkg'
[0.150s] Level 1:colcon.colcon_core.package_identification:_identify(/home/ruby/trento_lab_home/ros_ws/src/locosim/robot_control/base_controllers/climbingrobot_controller/codegen_mesh/mex) by extensions ['colcon_meta']
[0.150s] Level 1:colcon.colcon_core.package_identification:_identify(/home/ruby/trento_lab_home/ros_ws/src/locosim/robot_control/base_controllers/climbingrobot_controller/codegen_mesh/mex) by extension 'colcon_meta'
[0.150s] Level 1:colcon.colcon_core.package_identification:_identify(/home/ruby/trento_lab_home/ros_ws/src/locosim/robot_control/base_controllers/climbingrobot_controller/codegen_mesh/mex) by extensions ['ros']
[0.150s] Level 1:colcon.colcon_core.package_identification:_identify(/home/ruby/trento_lab_home/ros_ws/src/locosim/robot_control/base_controllers/climbingrobot_controller/codegen_mesh/mex) by extension 'ros'
[0.150s] Level 1:colcon.colcon_core.package_identification:_identify(/home/ruby/trento_lab_home/ros_ws/src/locosim/robot_control/base_controllers/climbingrobot_controller/codegen_mesh/mex) by extensions ['cmake', 'python']
[0.150s] Level 1:colcon.colcon_core.package_identification:_identify(/home/ruby/trento_lab_home/ros_ws/src/locosim/robot_control/base_controllers/climbingrobot_controller/codegen_mesh/mex) by extension 'cmake'
[0.150s] Level 1:colcon.colcon_core.package_identification:_identify(/home/ruby/trento_lab_home/ros_ws/src/locosim/robot_control/base_controllers/climbingrobot_controller/codegen_mesh/mex) by extension 'python'
[0.150s] Level 1:colcon.colcon_core.package_identification:_identify(/home/ruby/trento_lab_home/ros_ws/src/locosim/robot_control/base_controllers/climbingrobot_controller/codegen_mesh/mex) by extensions ['python_setup_py']
[0.150s] Level 1:colcon.colcon_core.package_identification:_identify(/home/ruby/trento_lab_home/ros_ws/src/locosim/robot_control/base_controllers/climbingrobot_controller/codegen_mesh/mex) by extension 'python_setup_py'
[0.150s] Level 1:colcon.colcon_core.package_identification:_identify(/home/ruby/trento_lab_home/ros_ws/src/locosim/robot_control/base_controllers/climbingrobot_controller/codegen_mesh/mex/optimize_cpp) by extensions ['ignore', 'ignore_ament_install']
[0.150s] Level 1:colcon.colcon_core.package_identification:_identify(/home/ruby/trento_lab_home/ros_ws/src/locosim/robot_control/base_controllers/climbingrobot_controller/codegen_mesh/mex/optimize_cpp) by extension 'ignore'
[0.150s] Level 1:colcon.colcon_core.package_identification:_identify(/home/ruby/trento_lab_home/ros_ws/src/locosim/robot_control/base_controllers/climbingrobot_controller/codegen_mesh/mex/optimize_cpp) by extension 'ignore_ament_install'
[0.150s] Level 1:colcon.colcon_core.package_identification:_identify(/home/ruby/trento_lab_home/ros_ws/src/locosim/robot_control/base_controllers/climbingrobot_controller/codegen_mesh/mex/optimize_cpp) by extensions ['colcon_pkg']
[0.150s] Level 1:colcon.colcon_core.package_identification:_identify(/home/ruby/trento_lab_home/ros_ws/src/locosim/robot_control/base_controllers/climbingrobot_controller/codegen_mesh/mex/optimize_cpp) by extension 'colcon_pkg'
[0.150s] Level 1:colcon.colcon_core.package_identification:_identify(/home/ruby/trento_lab_home/ros_ws/src/locosim/robot_control/base_controllers/climbingrobot_controller/codegen_mesh/mex/optimize_cpp) by extensions ['colcon_meta']
[0.150s] Level 1:colcon.colcon_core.package_identification:_identify(/home/ruby/trento_lab_home/ros_ws/src/locosim/robot_control/base_controllers/climbingrobot_controller/codegen_mesh/mex/optimize_cpp) by extension 'colcon_meta'
[0.150s] Level 1:colcon.colcon_core.package_identification:_identify(/home/ruby/trento_lab_home/ros_ws/src/locosim/robot_control/base_controllers/climbingrobot_controller/codegen_mesh/mex/optimize_cpp) by extensions ['ros']
[0.150s] Level 1:colcon.colcon_core.package_identification:_identify(/home/ruby/trento_lab_home/ros_ws/src/locosim/robot_control/base_controllers/climbingrobot_controller/codegen_mesh/mex/optimize_cpp) by extension 'ros'
[0.150s] Level 1:colcon.colcon_core.package_identification:_identify(/home/ruby/trento_lab_home/ros_ws/src/locosim/robot_control/base_controllers/climbingrobot_controller/codegen_mesh/mex/optimize_cpp) by extensions ['cmake', 'python']
[0.150s] Level 1:colcon.colcon_core.package_identification:_identify(/home/ruby/trento_lab_home/ros_ws/src/locosim/robot_control/base_controllers/climbingrobot_controller/codegen_mesh/mex/optimize_cpp) by extension 'cmake'
[0.150s] Level 1:colcon.colcon_core.package_identification:_identify(/home/ruby/trento_lab_home/ros_ws/src/locosim/robot_control/base_controllers/climbingrobot_controller/codegen_mesh/mex/optimize_cpp) by extension 'python'
[0.150s] Level 1:colcon.colcon_core.package_identification:_identify(/home/ruby/trento_lab_home/ros_ws/src/locosim/robot_control/base_controllers/climbingrobot_controller/codegen_mesh/mex/optimize_cpp) by extensions ['python_setup_py']
[0.150s] Level 1:colcon.colcon_core.package_identification:_identify(/home/ruby/trento_lab_home/ros_ws/src/locosim/robot_control/base_controllers/climbingrobot_controller/codegen_mesh/mex/optimize_cpp) by extension 'python_setup_py'
[0.150s] Level 1:colcon.colcon_core.package_identification:_identify(/home/ruby/trento_lab_home/ros_ws/src/locosim/robot_control/base_controllers/climbingrobot_controller/codegen_mesh/mex/optimize_cpp/build) by extensions ['ignore', 'ignore_ament_install']
[0.150s] Level 1:colcon.colcon_core.package_identification:_identify(/home/ruby/trento_lab_home/ros_ws/src/locosim/robot_control/base_controllers/climbingrobot_controller/codegen_mesh/mex/optimize_cpp/build) by extension 'ignore'
[0.150s] Level 1:colcon.colcon_core.package_identification:_identify(/home/ruby/trento_lab_home/ros_ws/src/locosim/robot_control/base_controllers/climbingrobot_controller/codegen_mesh/mex/optimize_cpp/build) by extension 'ignore_ament_install'
[0.151s] Level 1:colcon.colcon_core.package_identification:_identify(/home/ruby/trento_lab_home/ros_ws/src/locosim/robot_control/base_controllers/climbingrobot_controller/codegen_mesh/mex/optimize_cpp/build) by extensions ['colcon_pkg']
[0.151s] Level 1:colcon.colcon_core.package_identification:_identify(/home/ruby/trento_lab_home/ros_ws/src/locosim/robot_control/base_controllers/climbingrobot_controller/codegen_mesh/mex/optimize_cpp/build) by extension 'colcon_pkg'
[0.151s] Level 1:colcon.colcon_core.package_identification:_identify(/home/ruby/trento_lab_home/ros_ws/src/locosim/robot_control/base_controllers/climbingrobot_controller/codegen_mesh/mex/optimize_cpp/build) by extensions ['colcon_meta']
[0.151s] Level 1:colcon.colcon_core.package_identification:_identify(/home/ruby/trento_lab_home/ros_ws/src/locosim/robot_control/base_controllers/climbingrobot_controller/codegen_mesh/mex/optimize_cpp/build) by extension 'colcon_meta'
[0.151s] Level 1:colcon.colcon_core.package_identification:_identify(/home/ruby/trento_lab_home/ros_ws/src/locosim/robot_control/base_controllers/climbingrobot_controller/codegen_mesh/mex/optimize_cpp/build) by extensions ['ros']
[0.151s] Level 1:colcon.colcon_core.package_identification:_identify(/home/ruby/trento_lab_home/ros_ws/src/locosim/robot_control/base_controllers/climbingrobot_controller/codegen_mesh/mex/optimize_cpp/build) by extension 'ros'
[0.151s] Level 1:colcon.colcon_core.package_identification:_identify(/home/ruby/trento_lab_home/ros_ws/src/locosim/robot_control/base_controllers/climbingrobot_controller/codegen_mesh/mex/optimize_cpp/build) by extensions ['cmake', 'python']
[0.151s] Level 1:colcon.colcon_core.package_identification:_identify(/home/ruby/trento_lab_home/ros_ws/src/locosim/robot_control/base_controllers/climbingrobot_controller/codegen_mesh/mex/optimize_cpp/build) by extension 'cmake'
[0.151s] Level 1:colcon.colcon_core.package_identification:_identify(/home/ruby/trento_lab_home/ros_ws/src/locosim/robot_control/base_controllers/climbingrobot_controller/codegen_mesh/mex/optimize_cpp/build) by extension 'python'
[0.151s] Level 1:colcon.colcon_core.package_identification:_identify(/home/ruby/trento_lab_home/ros_ws/src/locosim/robot_control/base_controllers/climbingrobot_controller/codegen_mesh/mex/optimize_cpp/build) by extensions ['python_setup_py']
[0.151s] Level 1:colcon.colcon_core.package_identification:_identify(/home/ruby/trento_lab_home/ros_ws/src/locosim/robot_control/base_controllers/climbingrobot_controller/codegen_mesh/mex/optimize_cpp/build) by extension 'python_setup_py'
[0.151s] Level 1:colcon.colcon_core.package_identification:_identify(/home/ruby/trento_lab_home/ros_ws/src/locosim/robot_control/base_controllers/climbingrobot_controller/codegen_mesh/mex/optimize_cpp/build/glnxa64) by extensions ['ignore', 'ignore_ament_install']
[0.151s] Level 1:colcon.colcon_core.package_identification:_identify(/home/ruby/trento_lab_home/ros_ws/src/locosim/robot_control/base_controllers/climbingrobot_controller/codegen_mesh/mex/optimize_cpp/build/glnxa64) by extension 'ignore'
[0.151s] Level 1:colcon.colcon_core.package_identification:_identify(/home/ruby/trento_lab_home/ros_ws/src/locosim/robot_control/base_controllers/climbingrobot_controller/codegen_mesh/mex/optimize_cpp/build/glnxa64) by extension 'ignore_ament_install'
[0.151s] Level 1:colcon.colcon_core.package_identification:_identify(/home/ruby/trento_lab_home/ros_ws/src/locosim/robot_control/base_controllers/climbingrobot_controller/codegen_mesh/mex/optimize_cpp/build/glnxa64) by extensions ['colcon_pkg']
[0.151s] Level 1:colcon.colcon_core.package_identification:_identify(/home/ruby/trento_lab_home/ros_ws/src/locosim/robot_control/base_controllers/climbingrobot_controller/codegen_mesh/mex/optimize_cpp/build/glnxa64) by extension 'colcon_pkg'
[0.151s] Level 1:colcon.colcon_core.package_identification:_identify(/home/ruby/trento_lab_home/ros_ws/src/locosim/robot_control/base_controllers/climbingrobot_controller/codegen_mesh/mex/optimize_cpp/build/glnxa64) by extensions ['colcon_meta']
[0.151s] Level 1:colcon.colcon_core.package_identification:_identify(/home/ruby/trento_lab_home/ros_ws/src/locosim/robot_control/base_controllers/climbingrobot_controller/codegen_mesh/mex/optimize_cpp/build/glnxa64) by extension 'colcon_meta'
[0.151s] Level 1:colcon.colcon_core.package_identification:_identify(/home/ruby/trento_lab_home/ros_ws/src/locosim/robot_control/base_controllers/climbingrobot_controller/codegen_mesh/mex/optimize_cpp/build/glnxa64) by extensions ['ros']
[0.151s] Level 1:colcon.colcon_core.package_identification:_identify(/home/ruby/trento_lab_home/ros_ws/src/locosim/robot_control/base_controllers/climbingrobot_controller/codegen_mesh/mex/optimize_cpp/build/glnxa64) by extension 'ros'
[0.151s] Level 1:colcon.colcon_core.package_identification:_identify(/home/ruby/trento_lab_home/ros_ws/src/locosim/robot_control/base_controllers/climbingrobot_controller/codegen_mesh/mex/optimize_cpp/build/glnxa64) by extensions ['cmake', 'python']
[0.151s] Level 1:colcon.colcon_core.package_identification:_identify(/home/ruby/trento_lab_home/ros_ws/src/locosim/robot_control/base_controllers/climbingrobot_controller/codegen_mesh/mex/optimize_cpp/build/glnxa64) by extension 'cmake'
[0.151s] Level 1:colcon.colcon_core.package_identification:_identify(/home/ruby/trento_lab_home/ros_ws/src/locosim/robot_control/base_controllers/climbingrobot_controller/codegen_mesh/mex/optimize_cpp/build/glnxa64) by extension 'python'
[0.151s] Level 1:colcon.colcon_core.package_identification:_identify(/home/ruby/trento_lab_home/ros_ws/src/locosim/robot_control/base_controllers/climbingrobot_controller/codegen_mesh/mex/optimize_cpp/build/glnxa64) by extensions ['python_setup_py']
[0.151s] Level 1:colcon.colcon_core.package_identification:_identify(/home/ruby/trento_lab_home/ros_ws/src/locosim/robot_control/base_controllers/climbingrobot_controller/codegen_mesh/mex/optimize_cpp/build/glnxa64) by extension 'python_setup_py'
[0.151s] Level 1:colcon.colcon_core.package_identification:_identify(/home/ruby/trento_lab_home/ros_ws/src/locosim/robot_control/base_controllers/climbingrobot_controller/codegen_mesh/mex/optimize_cpp/html) by extensions ['ignore', 'ignore_ament_install']
[0.151s] Level 1:colcon.colcon_core.package_identification:_identify(/home/ruby/trento_lab_home/ros_ws/src/locosim/robot_control/base_controllers/climbingrobot_controller/codegen_mesh/mex/optimize_cpp/html) by extension 'ignore'
[0.151s] Level 1:colcon.colcon_core.package_identification:_identify(/home/ruby/trento_lab_home/ros_ws/src/locosim/robot_control/base_controllers/climbingrobot_controller/codegen_mesh/mex/optimize_cpp/html) by extension 'ignore_ament_install'
[0.151s] Level 1:colcon.colcon_core.package_identification:_identify(/home/ruby/trento_lab_home/ros_ws/src/locosim/robot_control/base_controllers/climbingrobot_controller/codegen_mesh/mex/optimize_cpp/html) by extensions ['colcon_pkg']
[0.151s] Level 1:colcon.colcon_core.package_identification:_identify(/home/ruby/trento_lab_home/ros_ws/src/locosim/robot_control/base_controllers/climbingrobot_controller/codegen_mesh/mex/optimize_cpp/html) by extension 'colcon_pkg'
[0.151s] Level 1:colcon.colcon_core.package_identification:_identify(/home/ruby/trento_lab_home/ros_ws/src/locosim/robot_control/base_controllers/climbingrobot_controller/codegen_mesh/mex/optimize_cpp/html) by extensions ['colcon_meta']
[0.152s] Level 1:colcon.colcon_core.package_identification:_identify(/home/ruby/trento_lab_home/ros_ws/src/locosim/robot_control/base_controllers/climbingrobot_controller/codegen_mesh/mex/optimize_cpp/html) by extension 'colcon_meta'
[0.152s] Level 1:colcon.colcon_core.package_identification:_identify(/home/ruby/trento_lab_home/ros_ws/src/locosim/robot_control/base_controllers/climbingrobot_controller/codegen_mesh/mex/optimize_cpp/html) by extensions ['ros']
[0.152s] Level 1:colcon.colcon_core.package_identification:_identify(/home/ruby/trento_lab_home/ros_ws/src/locosim/robot_control/base_controllers/climbingrobot_controller/codegen_mesh/mex/optimize_cpp/html) by extension 'ros'
[0.152s] Level 1:colcon.colcon_core.package_identification:_identify(/home/ruby/trento_lab_home/ros_ws/src/locosim/robot_control/base_controllers/climbingrobot_controller/codegen_mesh/mex/optimize_cpp/html) by extensions ['cmake', 'python']
[0.152s] Level 1:colcon.colcon_core.package_identification:_identify(/home/ruby/trento_lab_home/ros_ws/src/locosim/robot_control/base_controllers/climbingrobot_controller/codegen_mesh/mex/optimize_cpp/html) by extension 'cmake'
[0.152s] Level 1:colcon.colcon_core.package_identification:_identify(/home/ruby/trento_lab_home/ros_ws/src/locosim/robot_control/base_controllers/climbingrobot_controller/codegen_mesh/mex/optimize_cpp/html) by extension 'python'
[0.152s] Level 1:colcon.colcon_core.package_identification:_identify(/home/ruby/trento_lab_home/ros_ws/src/locosim/robot_control/base_controllers/climbingrobot_controller/codegen_mesh/mex/optimize_cpp/html) by extensions ['python_setup_py']
[0.152s] Level 1:colcon.colcon_core.package_identification:_identify(/home/ruby/trento_lab_home/ros_ws/src/locosim/robot_control/base_controllers/climbingrobot_controller/codegen_mesh/mex/optimize_cpp/html) by extension 'python_setup_py'
[0.152s] Level 1:colcon.colcon_core.package_identification:_identify(/home/ruby/trento_lab_home/ros_ws/src/locosim/robot_control/base_controllers/climbingrobot_controller/codegen_mesh/mex/optimize_cpp/interface) by extensions ['ignore', 'ignore_ament_install']
[0.152s] Level 1:colcon.colcon_core.package_identification:_identify(/home/ruby/trento_lab_home/ros_ws/src/locosim/robot_control/base_controllers/climbingrobot_controller/codegen_mesh/mex/optimize_cpp/interface) by extension 'ignore'
[0.152s] Level 1:colcon.colcon_core.package_identification:_identify(/home/ruby/trento_lab_home/ros_ws/src/locosim/robot_control/base_controllers/climbingrobot_controller/codegen_mesh/mex/optimize_cpp/interface) by extension 'ignore_ament_install'
[0.152s] Level 1:colcon.colcon_core.package_identification:_identify(/home/ruby/trento_lab_home/ros_ws/src/locosim/robot_control/base_controllers/climbingrobot_controller/codegen_mesh/mex/optimize_cpp/interface) by extensions ['colcon_pkg']
[0.152s] Level 1:colcon.colcon_core.package_identification:_identify(/home/ruby/trento_lab_home/ros_ws/src/locosim/robot_control/base_controllers/climbingrobot_controller/codegen_mesh/mex/optimize_cpp/interface) by extension 'colcon_pkg'
[0.152s] Level 1:colcon.colcon_core.package_identification:_identify(/home/ruby/trento_lab_home/ros_ws/src/locosim/robot_control/base_controllers/climbingrobot_controller/codegen_mesh/mex/optimize_cpp/interface) by extensions ['colcon_meta']
[0.152s] Level 1:colcon.colcon_core.package_identification:_identify(/home/ruby/trento_lab_home/ros_ws/src/locosim/robot_control/base_controllers/climbingrobot_controller/codegen_mesh/mex/optimize_cpp/interface) by extension 'colcon_meta'
[0.152s] Level 1:colcon.colcon_core.package_identification:_identify(/home/ruby/trento_lab_home/ros_ws/src/locosim/robot_control/base_controllers/climbingrobot_controller/codegen_mesh/mex/optimize_cpp/interface) by extensions ['ros']
[0.152s] Level 1:colcon.colcon_core.package_identification:_identify(/home/ruby/trento_lab_home/ros_ws/src/locosim/robot_control/base_controllers/climbingrobot_controller/codegen_mesh/mex/optimize_cpp/interface) by extension 'ros'
[0.152s] Level 1:colcon.colcon_core.package_identification:_identify(/home/ruby/trento_lab_home/ros_ws/src/locosim/robot_control/base_controllers/climbingrobot_controller/codegen_mesh/mex/optimize_cpp/interface) by extensions ['cmake', 'python']
[0.152s] Level 1:colcon.colcon_core.package_identification:_identify(/home/ruby/trento_lab_home/ros_ws/src/locosim/robot_control/base_controllers/climbingrobot_controller/codegen_mesh/mex/optimize_cpp/interface) by extension 'cmake'
[0.152s] Level 1:colcon.colcon_core.package_identification:_identify(/home/ruby/trento_lab_home/ros_ws/src/locosim/robot_control/base_controllers/climbingrobot_controller/codegen_mesh/mex/optimize_cpp/interface) by extension 'python'
[0.152s] Level 1:colcon.colcon_core.package_identification:_identify(/home/ruby/trento_lab_home/ros_ws/src/locosim/robot_control/base_controllers/climbingrobot_controller/codegen_mesh/mex/optimize_cpp/interface) by extensions ['python_setup_py']
[0.152s] Level 1:colcon.colcon_core.package_identification:_identify(/home/ruby/trento_lab_home/ros_ws/src/locosim/robot_control/base_controllers/climbingrobot_controller/codegen_mesh/mex/optimize_cpp/interface) by extension 'python_setup_py'
[0.152s] Level 1:colcon.colcon_core.package_identification:_identify(/home/ruby/trento_lab_home/ros_ws/src/locosim/robot_control/base_controllers/climbingrobot_controller/codegen_mesh_landing) by extensions ['ignore', 'ignore_ament_install']
[0.152s] Level 1:colcon.colcon_core.package_identification:_identify(/home/ruby/trento_lab_home/ros_ws/src/locosim/robot_control/base_controllers/climbingrobot_controller/codegen_mesh_landing) by extension 'ignore'
[0.152s] Level 1:colcon.colcon_core.package_identification:_identify(/home/ruby/trento_lab_home/ros_ws/src/locosim/robot_control/base_controllers/climbingrobot_controller/codegen_mesh_landing) by extension 'ignore_ament_install'
[0.152s] Level 1:colcon.colcon_core.package_identification:_identify(/home/ruby/trento_lab_home/ros_ws/src/locosim/robot_control/base_controllers/climbingrobot_controller/codegen_mesh_landing) by extensions ['colcon_pkg']
[0.152s] Level 1:colcon.colcon_core.package_identification:_identify(/home/ruby/trento_lab_home/ros_ws/src/locosim/robot_control/base_controllers/climbingrobot_controller/codegen_mesh_landing) by extension 'colcon_pkg'
[0.152s] Level 1:colcon.colcon_core.package_identification:_identify(/home/ruby/trento_lab_home/ros_ws/src/locosim/robot_control/base_controllers/climbingrobot_controller/codegen_mesh_landing) by extensions ['colcon_meta']
[0.152s] Level 1:colcon.colcon_core.package_identification:_identify(/home/ruby/trento_lab_home/ros_ws/src/locosim/robot_control/base_controllers/climbingrobot_controller/codegen_mesh_landing) by extension 'colcon_meta'
[0.152s] Level 1:colcon.colcon_core.package_identification:_identify(/home/ruby/trento_lab_home/ros_ws/src/locosim/robot_control/base_controllers/climbingrobot_controller/codegen_mesh_landing) by extensions ['ros']
[0.152s] Level 1:colcon.colcon_core.package_identification:_identify(/home/ruby/trento_lab_home/ros_ws/src/locosim/robot_control/base_controllers/climbingrobot_controller/codegen_mesh_landing) by extension 'ros'
[0.152s] Level 1:colcon.colcon_core.package_identification:_identify(/home/ruby/trento_lab_home/ros_ws/src/locosim/robot_control/base_controllers/climbingrobot_controller/codegen_mesh_landing) by extensions ['cmake', 'python']
[0.152s] Level 1:colcon.colcon_core.package_identification:_identify(/home/ruby/trento_lab_home/ros_ws/src/locosim/robot_control/base_controllers/climbingrobot_controller/codegen_mesh_landing) by extension 'cmake'
[0.153s] Level 1:colcon.colcon_core.package_identification:_identify(/home/ruby/trento_lab_home/ros_ws/src/locosim/robot_control/base_controllers/climbingrobot_controller/codegen_mesh_landing) by extension 'python'
[0.153s] Level 1:colcon.colcon_core.package_identification:_identify(/home/ruby/trento_lab_home/ros_ws/src/locosim/robot_control/base_controllers/climbingrobot_controller/codegen_mesh_landing) by extensions ['python_setup_py']
[0.153s] Level 1:colcon.colcon_core.package_identification:_identify(/home/ruby/trento_lab_home/ros_ws/src/locosim/robot_control/base_controllers/climbingrobot_controller/codegen_mesh_landing) by extension 'python_setup_py'
[0.153s] Level 1:colcon.colcon_core.package_identification:_identify(/home/ruby/trento_lab_home/ros_ws/src/locosim/robot_control/base_controllers/climbingrobot_controller/codegen_mesh_landing/mex) by extensions ['ignore', 'ignore_ament_install']
[0.153s] Level 1:colcon.colcon_core.package_identification:_identify(/home/ruby/trento_lab_home/ros_ws/src/locosim/robot_control/base_controllers/climbingrobot_controller/codegen_mesh_landing/mex) by extension 'ignore'
[0.153s] Level 1:colcon.colcon_core.package_identification:_identify(/home/ruby/trento_lab_home/ros_ws/src/locosim/robot_control/base_controllers/climbingrobot_controller/codegen_mesh_landing/mex) by extension 'ignore_ament_install'
[0.153s] Level 1:colcon.colcon_core.package_identification:_identify(/home/ruby/trento_lab_home/ros_ws/src/locosim/robot_control/base_controllers/climbingrobot_controller/codegen_mesh_landing/mex) by extensions ['colcon_pkg']
[0.153s] Level 1:colcon.colcon_core.package_identification:_identify(/home/ruby/trento_lab_home/ros_ws/src/locosim/robot_control/base_controllers/climbingrobot_controller/codegen_mesh_landing/mex) by extension 'colcon_pkg'
[0.153s] Level 1:colcon.colcon_core.package_identification:_identify(/home/ruby/trento_lab_home/ros_ws/src/locosim/robot_control/base_controllers/climbingrobot_controller/codegen_mesh_landing/mex) by extensions ['colcon_meta']
[0.153s] Level 1:colcon.colcon_core.package_identification:_identify(/home/ruby/trento_lab_home/ros_ws/src/locosim/robot_control/base_controllers/climbingrobot_controller/codegen_mesh_landing/mex) by extension 'colcon_meta'
[0.153s] Level 1:colcon.colcon_core.package_identification:_identify(/home/ruby/trento_lab_home/ros_ws/src/locosim/robot_control/base_controllers/climbingrobot_controller/codegen_mesh_landing/mex) by extensions ['ros']
[0.153s] Level 1:colcon.colcon_core.package_identification:_identify(/home/ruby/trento_lab_home/ros_ws/src/locosim/robot_control/base_controllers/climbingrobot_controller/codegen_mesh_landing/mex) by extension 'ros'
[0.153s] Level 1:colcon.colcon_core.package_identification:_identify(/home/ruby/trento_lab_home/ros_ws/src/locosim/robot_control/base_controllers/climbingrobot_controller/codegen_mesh_landing/mex) by extensions ['cmake', 'python']
[0.153s] Level 1:colcon.colcon_core.package_identification:_identify(/home/ruby/trento_lab_home/ros_ws/src/locosim/robot_control/base_controllers/climbingrobot_controller/codegen_mesh_landing/mex) by extension 'cmake'
[0.153s] Level 1:colcon.colcon_core.package_identification:_identify(/home/ruby/trento_lab_home/ros_ws/src/locosim/robot_control/base_controllers/climbingrobot_controller/codegen_mesh_landing/mex) by extension 'python'
[0.153s] Level 1:colcon.colcon_core.package_identification:_identify(/home/ruby/trento_lab_home/ros_ws/src/locosim/robot_control/base_controllers/climbingrobot_controller/codegen_mesh_landing/mex) by extensions ['python_setup_py']
[0.153s] Level 1:colcon.colcon_core.package_identification:_identify(/home/ruby/trento_lab_home/ros_ws/src/locosim/robot_control/base_controllers/climbingrobot_controller/codegen_mesh_landing/mex) by extension 'python_setup_py'
[0.153s] Level 1:colcon.colcon_core.package_identification:_identify(/home/ruby/trento_lab_home/ros_ws/src/locosim/robot_control/base_controllers/climbingrobot_controller/codegen_mesh_landing/mex/optimize_cpp) by extensions ['ignore', 'ignore_ament_install']
[0.153s] Level 1:colcon.colcon_core.package_identification:_identify(/home/ruby/trento_lab_home/ros_ws/src/locosim/robot_control/base_controllers/climbingrobot_controller/codegen_mesh_landing/mex/optimize_cpp) by extension 'ignore'
[0.153s] Level 1:colcon.colcon_core.package_identification:_identify(/home/ruby/trento_lab_home/ros_ws/src/locosim/robot_control/base_controllers/climbingrobot_controller/codegen_mesh_landing/mex/optimize_cpp) by extension 'ignore_ament_install'
[0.153s] Level 1:colcon.colcon_core.package_identification:_identify(/home/ruby/trento_lab_home/ros_ws/src/locosim/robot_control/base_controllers/climbingrobot_controller/codegen_mesh_landing/mex/optimize_cpp) by extensions ['colcon_pkg']
[0.153s] Level 1:colcon.colcon_core.package_identification:_identify(/home/ruby/trento_lab_home/ros_ws/src/locosim/robot_control/base_controllers/climbingrobot_controller/codegen_mesh_landing/mex/optimize_cpp) by extension 'colcon_pkg'
[0.153s] Level 1:colcon.colcon_core.package_identification:_identify(/home/ruby/trento_lab_home/ros_ws/src/locosim/robot_control/base_controllers/climbingrobot_controller/codegen_mesh_landing/mex/optimize_cpp) by extensions ['colcon_meta']
[0.153s] Level 1:colcon.colcon_core.package_identification:_identify(/home/ruby/trento_lab_home/ros_ws/src/locosim/robot_control/base_controllers/climbingrobot_controller/codegen_mesh_landing/mex/optimize_cpp) by extension 'colcon_meta'
[0.153s] Level 1:colcon.colcon_core.package_identification:_identify(/home/ruby/trento_lab_home/ros_ws/src/locosim/robot_control/base_controllers/climbingrobot_controller/codegen_mesh_landing/mex/optimize_cpp) by extensions ['ros']
[0.153s] Level 1:colcon.colcon_core.package_identification:_identify(/home/ruby/trento_lab_home/ros_ws/src/locosim/robot_control/base_controllers/climbingrobot_controller/codegen_mesh_landing/mex/optimize_cpp) by extension 'ros'
[0.153s] Level 1:colcon.colcon_core.package_identification:_identify(/home/ruby/trento_lab_home/ros_ws/src/locosim/robot_control/base_controllers/climbingrobot_controller/codegen_mesh_landing/mex/optimize_cpp) by extensions ['cmake', 'python']
[0.153s] Level 1:colcon.colcon_core.package_identification:_identify(/home/ruby/trento_lab_home/ros_ws/src/locosim/robot_control/base_controllers/climbingrobot_controller/codegen_mesh_landing/mex/optimize_cpp) by extension 'cmake'
[0.153s] Level 1:colcon.colcon_core.package_identification:_identify(/home/ruby/trento_lab_home/ros_ws/src/locosim/robot_control/base_controllers/climbingrobot_controller/codegen_mesh_landing/mex/optimize_cpp) by extension 'python'
[0.153s] Level 1:colcon.colcon_core.package_identification:_identify(/home/ruby/trento_lab_home/ros_ws/src/locosim/robot_control/base_controllers/climbingrobot_controller/codegen_mesh_landing/mex/optimize_cpp) by extensions ['python_setup_py']
[0.153s] Level 1:colcon.colcon_core.package_identification:_identify(/home/ruby/trento_lab_home/ros_ws/src/locosim/robot_control/base_controllers/climbingrobot_controller/codegen_mesh_landing/mex/optimize_cpp) by extension 'python_setup_py'
[0.153s] Level 1:colcon.colcon_core.package_identification:_identify(/home/ruby/trento_lab_home/ros_ws/src/locosim/robot_control/base_controllers/climbingrobot_controller/codegen_mesh_landing/mex/optimize_cpp/html) by extensions ['ignore', 'ignore_ament_install']
[0.154s] Level 1:colcon.colcon_core.package_identification:_identify(/home/ruby/trento_lab_home/ros_ws/src/locosim/robot_control/base_controllers/climbingrobot_controller/codegen_mesh_landing/mex/optimize_cpp/html) by extension 'ignore'
[0.154s] Level 1:colcon.colcon_core.package_identification:_identify(/home/ruby/trento_lab_home/ros_ws/src/locosim/robot_control/base_controllers/climbingrobot_controller/codegen_mesh_landing/mex/optimize_cpp/html) by extension 'ignore_ament_install'
[0.154s] Level 1:colcon.colcon_core.package_identification:_identify(/home/ruby/trento_lab_home/ros_ws/src/locosim/robot_control/base_controllers/climbingrobot_controller/codegen_mesh_landing/mex/optimize_cpp/html) by extensions ['colcon_pkg']
[0.154s] Level 1:colcon.colcon_core.package_identification:_identify(/home/ruby/trento_lab_home/ros_ws/src/locosim/robot_control/base_controllers/climbingrobot_controller/codegen_mesh_landing/mex/optimize_cpp/html) by extension 'colcon_pkg'
[0.154s] Level 1:colcon.colcon_core.package_identification:_identify(/home/ruby/trento_lab_home/ros_ws/src/locosim/robot_control/base_controllers/climbingrobot_controller/codegen_mesh_landing/mex/optimize_cpp/html) by extensions ['colcon_meta']
[0.154s] Level 1:colcon.colcon_core.package_identification:_identify(/home/ruby/trento_lab_home/ros_ws/src/locosim/robot_control/base_controllers/climbingrobot_controller/codegen_mesh_landing/mex/optimize_cpp/html) by extension 'colcon_meta'
[0.154s] Level 1:colcon.colcon_core.package_identification:_identify(/home/ruby/trento_lab_home/ros_ws/src/locosim/robot_control/base_controllers/climbingrobot_controller/codegen_mesh_landing/mex/optimize_cpp/html) by extensions ['ros']
[0.154s] Level 1:colcon.colcon_core.package_identification:_identify(/home/ruby/trento_lab_home/ros_ws/src/locosim/robot_control/base_controllers/climbingrobot_controller/codegen_mesh_landing/mex/optimize_cpp/html) by extension 'ros'
[0.154s] Level 1:colcon.colcon_core.package_identification:_identify(/home/ruby/trento_lab_home/ros_ws/src/locosim/robot_control/base_controllers/climbingrobot_controller/codegen_mesh_landing/mex/optimize_cpp/html) by extensions ['cmake', 'python']
[0.154s] Level 1:colcon.colcon_core.package_identification:_identify(/home/ruby/trento_lab_home/ros_ws/src/locosim/robot_control/base_controllers/climbingrobot_controller/codegen_mesh_landing/mex/optimize_cpp/html) by extension 'cmake'
[0.154s] Level 1:colcon.colcon_core.package_identification:_identify(/home/ruby/trento_lab_home/ros_ws/src/locosim/robot_control/base_controllers/climbingrobot_controller/codegen_mesh_landing/mex/optimize_cpp/html) by extension 'python'
[0.154s] Level 1:colcon.colcon_core.package_identification:_identify(/home/ruby/trento_lab_home/ros_ws/src/locosim/robot_control/base_controllers/climbingrobot_controller/codegen_mesh_landing/mex/optimize_cpp/html) by extensions ['python_setup_py']
[0.154s] Level 1:colcon.colcon_core.package_identification:_identify(/home/ruby/trento_lab_home/ros_ws/src/locosim/robot_control/base_controllers/climbingrobot_controller/codegen_mesh_landing/mex/optimize_cpp/html) by extension 'python_setup_py'
[0.154s] Level 1:colcon.colcon_core.package_identification:_identify(/home/ruby/trento_lab_home/ros_ws/src/locosim/robot_control/base_controllers/climbingrobot_controller/codegen_mpc) by extensions ['ignore', 'ignore_ament_install']
[0.154s] Level 1:colcon.colcon_core.package_identification:_identify(/home/ruby/trento_lab_home/ros_ws/src/locosim/robot_control/base_controllers/climbingrobot_controller/codegen_mpc) by extension 'ignore'
[0.154s] Level 1:colcon.colcon_core.package_identification:_identify(/home/ruby/trento_lab_home/ros_ws/src/locosim/robot_control/base_controllers/climbingrobot_controller/codegen_mpc) by extension 'ignore_ament_install'
[0.154s] Level 1:colcon.colcon_core.package_identification:_identify(/home/ruby/trento_lab_home/ros_ws/src/locosim/robot_control/base_controllers/climbingrobot_controller/codegen_mpc) by extensions ['colcon_pkg']
[0.154s] Level 1:colcon.colcon_core.package_identification:_identify(/home/ruby/trento_lab_home/ros_ws/src/locosim/robot_control/base_controllers/climbingrobot_controller/codegen_mpc) by extension 'colcon_pkg'
[0.154s] Level 1:colcon.colcon_core.package_identification:_identify(/home/ruby/trento_lab_home/ros_ws/src/locosim/robot_control/base_controllers/climbingrobot_controller/codegen_mpc) by extensions ['colcon_meta']
[0.154s] Level 1:colcon.colcon_core.package_identification:_identify(/home/ruby/trento_lab_home/ros_ws/src/locosim/robot_control/base_controllers/climbingrobot_controller/codegen_mpc) by extension 'colcon_meta'
[0.154s] Level 1:colcon.colcon_core.package_identification:_identify(/home/ruby/trento_lab_home/ros_ws/src/locosim/robot_control/base_controllers/climbingrobot_controller/codegen_mpc) by extensions ['ros']
[0.154s] Level 1:colcon.colcon_core.package_identification:_identify(/home/ruby/trento_lab_home/ros_ws/src/locosim/robot_control/base_controllers/climbingrobot_controller/codegen_mpc) by extension 'ros'
[0.154s] Level 1:colcon.colcon_core.package_identification:_identify(/home/ruby/trento_lab_home/ros_ws/src/locosim/robot_control/base_controllers/climbingrobot_controller/codegen_mpc) by extensions ['cmake', 'python']
[0.154s] Level 1:colcon.colcon_core.package_identification:_identify(/home/ruby/trento_lab_home/ros_ws/src/locosim/robot_control/base_controllers/climbingrobot_controller/codegen_mpc) by extension 'cmake'
[0.154s] Level 1:colcon.colcon_core.package_identification:_identify(/home/ruby/trento_lab_home/ros_ws/src/locosim/robot_control/base_controllers/climbingrobot_controller/codegen_mpc) by extension 'python'
[0.154s] Level 1:colcon.colcon_core.package_identification:_identify(/home/ruby/trento_lab_home/ros_ws/src/locosim/robot_control/base_controllers/climbingrobot_controller/codegen_mpc) by extensions ['python_setup_py']
[0.154s] Level 1:colcon.colcon_core.package_identification:_identify(/home/ruby/trento_lab_home/ros_ws/src/locosim/robot_control/base_controllers/climbingrobot_controller/codegen_mpc) by extension 'python_setup_py'
[0.154s] Level 1:colcon.colcon_core.package_identification:_identify(/home/ruby/trento_lab_home/ros_ws/src/locosim/robot_control/base_controllers/climbingrobot_controller/codegen_mpc/mex) by extensions ['ignore', 'ignore_ament_install']
[0.154s] Level 1:colcon.colcon_core.package_identification:_identify(/home/ruby/trento_lab_home/ros_ws/src/locosim/robot_control/base_controllers/climbingrobot_controller/codegen_mpc/mex) by extension 'ignore'
[0.154s] Level 1:colcon.colcon_core.package_identification:_identify(/home/ruby/trento_lab_home/ros_ws/src/locosim/robot_control/base_controllers/climbingrobot_controller/codegen_mpc/mex) by extension 'ignore_ament_install'
[0.154s] Level 1:colcon.colcon_core.package_identification:_identify(/home/ruby/trento_lab_home/ros_ws/src/locosim/robot_control/base_controllers/climbingrobot_controller/codegen_mpc/mex) by extensions ['colcon_pkg']
[0.154s] Level 1:colcon.colcon_core.package_identification:_identify(/home/ruby/trento_lab_home/ros_ws/src/locosim/robot_control/base_controllers/climbingrobot_controller/codegen_mpc/mex) by extension 'colcon_pkg'
[0.154s] Level 1:colcon.colcon_core.package_identification:_identify(/home/ruby/trento_lab_home/ros_ws/src/locosim/robot_control/base_controllers/climbingrobot_controller/codegen_mpc/mex) by extensions ['colcon_meta']
[0.154s] Level 1:colcon.colcon_core.package_identification:_identify(/home/ruby/trento_lab_home/ros_ws/src/locosim/robot_control/base_controllers/climbingrobot_controller/codegen_mpc/mex) by extension 'colcon_meta'
[0.155s] Level 1:colcon.colcon_core.package_identification:_identify(/home/ruby/trento_lab_home/ros_ws/src/locosim/robot_control/base_controllers/climbingrobot_controller/codegen_mpc/mex) by extensions ['ros']
[0.155s] Level 1:colcon.colcon_core.package_identification:_identify(/home/ruby/trento_lab_home/ros_ws/src/locosim/robot_control/base_controllers/climbingrobot_controller/codegen_mpc/mex) by extension 'ros'
[0.155s] Level 1:colcon.colcon_core.package_identification:_identify(/home/ruby/trento_lab_home/ros_ws/src/locosim/robot_control/base_controllers/climbingrobot_controller/codegen_mpc/mex) by extensions ['cmake', 'python']
[0.155s] Level 1:colcon.colcon_core.package_identification:_identify(/home/ruby/trento_lab_home/ros_ws/src/locosim/robot_control/base_controllers/climbingrobot_controller/codegen_mpc/mex) by extension 'cmake'
[0.155s] Level 1:colcon.colcon_core.package_identification:_identify(/home/ruby/trento_lab_home/ros_ws/src/locosim/robot_control/base_controllers/climbingrobot_controller/codegen_mpc/mex) by extension 'python'
[0.155s] Level 1:colcon.colcon_core.package_identification:_identify(/home/ruby/trento_lab_home/ros_ws/src/locosim/robot_control/base_controllers/climbingrobot_controller/codegen_mpc/mex) by extensions ['python_setup_py']
[0.155s] Level 1:colcon.colcon_core.package_identification:_identify(/home/ruby/trento_lab_home/ros_ws/src/locosim/robot_control/base_controllers/climbingrobot_controller/codegen_mpc/mex) by extension 'python_setup_py'
[0.155s] Level 1:colcon.colcon_core.package_identification:_identify(/home/ruby/trento_lab_home/ros_ws/src/locosim/robot_control/base_controllers/climbingrobot_controller/codegen_mpc/mex/optimize_cpp_mpc) by extensions ['ignore', 'ignore_ament_install']
[0.155s] Level 1:colcon.colcon_core.package_identification:_identify(/home/ruby/trento_lab_home/ros_ws/src/locosim/robot_control/base_controllers/climbingrobot_controller/codegen_mpc/mex/optimize_cpp_mpc) by extension 'ignore'
[0.155s] Level 1:colcon.colcon_core.package_identification:_identify(/home/ruby/trento_lab_home/ros_ws/src/locosim/robot_control/base_controllers/climbingrobot_controller/codegen_mpc/mex/optimize_cpp_mpc) by extension 'ignore_ament_install'
[0.155s] Level 1:colcon.colcon_core.package_identification:_identify(/home/ruby/trento_lab_home/ros_ws/src/locosim/robot_control/base_controllers/climbingrobot_controller/codegen_mpc/mex/optimize_cpp_mpc) by extensions ['colcon_pkg']
[0.155s] Level 1:colcon.colcon_core.package_identification:_identify(/home/ruby/trento_lab_home/ros_ws/src/locosim/robot_control/base_controllers/climbingrobot_controller/codegen_mpc/mex/optimize_cpp_mpc) by extension 'colcon_pkg'
[0.155s] Level 1:colcon.colcon_core.package_identification:_identify(/home/ruby/trento_lab_home/ros_ws/src/locosim/robot_control/base_controllers/climbingrobot_controller/codegen_mpc/mex/optimize_cpp_mpc) by extensions ['colcon_meta']
[0.155s] Level 1:colcon.colcon_core.package_identification:_identify(/home/ruby/trento_lab_home/ros_ws/src/locosim/robot_control/base_controllers/climbingrobot_controller/codegen_mpc/mex/optimize_cpp_mpc) by extension 'colcon_meta'
[0.155s] Level 1:colcon.colcon_core.package_identification:_identify(/home/ruby/trento_lab_home/ros_ws/src/locosim/robot_control/base_controllers/climbingrobot_controller/codegen_mpc/mex/optimize_cpp_mpc) by extensions ['ros']
[0.155s] Level 1:colcon.colcon_core.package_identification:_identify(/home/ruby/trento_lab_home/ros_ws/src/locosim/robot_control/base_controllers/climbingrobot_controller/codegen_mpc/mex/optimize_cpp_mpc) by extension 'ros'
[0.155s] Level 1:colcon.colcon_core.package_identification:_identify(/home/ruby/trento_lab_home/ros_ws/src/locosim/robot_control/base_controllers/climbingrobot_controller/codegen_mpc/mex/optimize_cpp_mpc) by extensions ['cmake', 'python']
[0.155s] Level 1:colcon.colcon_core.package_identification:_identify(/home/ruby/trento_lab_home/ros_ws/src/locosim/robot_control/base_controllers/climbingrobot_controller/codegen_mpc/mex/optimize_cpp_mpc) by extension 'cmake'
[0.155s] Level 1:colcon.colcon_core.package_identification:_identify(/home/ruby/trento_lab_home/ros_ws/src/locosim/robot_control/base_controllers/climbingrobot_controller/codegen_mpc/mex/optimize_cpp_mpc) by extension 'python'
[0.155s] Level 1:colcon.colcon_core.package_identification:_identify(/home/ruby/trento_lab_home/ros_ws/src/locosim/robot_control/base_controllers/climbingrobot_controller/codegen_mpc/mex/optimize_cpp_mpc) by extensions ['python_setup_py']
[0.155s] Level 1:colcon.colcon_core.package_identification:_identify(/home/ruby/trento_lab_home/ros_ws/src/locosim/robot_control/base_controllers/climbingrobot_controller/codegen_mpc/mex/optimize_cpp_mpc) by extension 'python_setup_py'
[0.155s] Level 1:colcon.colcon_core.package_identification:_identify(/home/ruby/trento_lab_home/ros_ws/src/locosim/robot_control/base_controllers/climbingrobot_controller/codegen_mpc/mex/optimize_cpp_mpc_no_constraints) by extensions ['ignore', 'ignore_ament_install']
[0.155s] Level 1:colcon.colcon_core.package_identification:_identify(/home/ruby/trento_lab_home/ros_ws/src/locosim/robot_control/base_controllers/climbingrobot_controller/codegen_mpc/mex/optimize_cpp_mpc_no_constraints) by extension 'ignore'
[0.155s] Level 1:colcon.colcon_core.package_identification:_identify(/home/ruby/trento_lab_home/ros_ws/src/locosim/robot_control/base_controllers/climbingrobot_controller/codegen_mpc/mex/optimize_cpp_mpc_no_constraints) by extension 'ignore_ament_install'
[0.155s] Level 1:colcon.colcon_core.package_identification:_identify(/home/ruby/trento_lab_home/ros_ws/src/locosim/robot_control/base_controllers/climbingrobot_controller/codegen_mpc/mex/optimize_cpp_mpc_no_constraints) by extensions ['colcon_pkg']
[0.155s] Level 1:colcon.colcon_core.package_identification:_identify(/home/ruby/trento_lab_home/ros_ws/src/locosim/robot_control/base_controllers/climbingrobot_controller/codegen_mpc/mex/optimize_cpp_mpc_no_constraints) by extension 'colcon_pkg'
[0.155s] Level 1:colcon.colcon_core.package_identification:_identify(/home/ruby/trento_lab_home/ros_ws/src/locosim/robot_control/base_controllers/climbingrobot_controller/codegen_mpc/mex/optimize_cpp_mpc_no_constraints) by extensions ['colcon_meta']
[0.155s] Level 1:colcon.colcon_core.package_identification:_identify(/home/ruby/trento_lab_home/ros_ws/src/locosim/robot_control/base_controllers/climbingrobot_controller/codegen_mpc/mex/optimize_cpp_mpc_no_constraints) by extension 'colcon_meta'
[0.155s] Level 1:colcon.colcon_core.package_identification:_identify(/home/ruby/trento_lab_home/ros_ws/src/locosim/robot_control/base_controllers/climbingrobot_controller/codegen_mpc/mex/optimize_cpp_mpc_no_constraints) by extensions ['ros']
[0.155s] Level 1:colcon.colcon_core.package_identification:_identify(/home/ruby/trento_lab_home/ros_ws/src/locosim/robot_control/base_controllers/climbingrobot_controller/codegen_mpc/mex/optimize_cpp_mpc_no_constraints) by extension 'ros'
[0.156s] Level 1:colcon.colcon_core.package_identification:_identify(/home/ruby/trento_lab_home/ros_ws/src/locosim/robot_control/base_controllers/climbingrobot_controller/codegen_mpc/mex/optimize_cpp_mpc_no_constraints) by extensions ['cmake', 'python']
[0.156s] Level 1:colcon.colcon_core.package_identification:_identify(/home/ruby/trento_lab_home/ros_ws/src/locosim/robot_control/base_controllers/climbingrobot_controller/codegen_mpc/mex/optimize_cpp_mpc_no_constraints) by extension 'cmake'
[0.156s] Level 1:colcon.colcon_core.package_identification:_identify(/home/ruby/trento_lab_home/ros_ws/src/locosim/robot_control/base_controllers/climbingrobot_controller/codegen_mpc/mex/optimize_cpp_mpc_no_constraints) by extension 'python'
[0.156s] Level 1:colcon.colcon_core.package_identification:_identify(/home/ruby/trento_lab_home/ros_ws/src/locosim/robot_control/base_controllers/climbingrobot_controller/codegen_mpc/mex/optimize_cpp_mpc_no_constraints) by extensions ['python_setup_py']
[0.156s] Level 1:colcon.colcon_core.package_identification:_identify(/home/ruby/trento_lab_home/ros_ws/src/locosim/robot_control/base_controllers/climbingrobot_controller/codegen_mpc/mex/optimize_cpp_mpc_no_constraints) by extension 'python_setup_py'
[0.156s] Level 1:colcon.colcon_core.package_identification:_identify(/home/ruby/trento_lab_home/ros_ws/src/locosim/robot_control/base_controllers/climbingrobot_controller/codegen_mpc/mex/optimize_cpp_mpc_no_constraints/html) by extensions ['ignore', 'ignore_ament_install']
[0.156s] Level 1:colcon.colcon_core.package_identification:_identify(/home/ruby/trento_lab_home/ros_ws/src/locosim/robot_control/base_controllers/climbingrobot_controller/codegen_mpc/mex/optimize_cpp_mpc_no_constraints/html) by extension 'ignore'
[0.156s] Level 1:colcon.colcon_core.package_identification:_identify(/home/ruby/trento_lab_home/ros_ws/src/locosim/robot_control/base_controllers/climbingrobot_controller/codegen_mpc/mex/optimize_cpp_mpc_no_constraints/html) by extension 'ignore_ament_install'
[0.156s] Level 1:colcon.colcon_core.package_identification:_identify(/home/ruby/trento_lab_home/ros_ws/src/locosim/robot_control/base_controllers/climbingrobot_controller/codegen_mpc/mex/optimize_cpp_mpc_no_constraints/html) by extensions ['colcon_pkg']
[0.156s] Level 1:colcon.colcon_core.package_identification:_identify(/home/ruby/trento_lab_home/ros_ws/src/locosim/robot_control/base_controllers/climbingrobot_controller/codegen_mpc/mex/optimize_cpp_mpc_no_constraints/html) by extension 'colcon_pkg'
[0.156s] Level 1:colcon.colcon_core.package_identification:_identify(/home/ruby/trento_lab_home/ros_ws/src/locosim/robot_control/base_controllers/climbingrobot_controller/codegen_mpc/mex/optimize_cpp_mpc_no_constraints/html) by extensions ['colcon_meta']
[0.156s] Level 1:colcon.colcon_core.package_identification:_identify(/home/ruby/trento_lab_home/ros_ws/src/locosim/robot_control/base_controllers/climbingrobot_controller/codegen_mpc/mex/optimize_cpp_mpc_no_constraints/html) by extension 'colcon_meta'
[0.156s] Level 1:colcon.colcon_core.package_identification:_identify(/home/ruby/trento_lab_home/ros_ws/src/locosim/robot_control/base_controllers/climbingrobot_controller/codegen_mpc/mex/optimize_cpp_mpc_no_constraints/html) by extensions ['ros']
[0.156s] Level 1:colcon.colcon_core.package_identification:_identify(/home/ruby/trento_lab_home/ros_ws/src/locosim/robot_control/base_controllers/climbingrobot_controller/codegen_mpc/mex/optimize_cpp_mpc_no_constraints/html) by extension 'ros'
[0.156s] Level 1:colcon.colcon_core.package_identification:_identify(/home/ruby/trento_lab_home/ros_ws/src/locosim/robot_control/base_controllers/climbingrobot_controller/codegen_mpc/mex/optimize_cpp_mpc_no_constraints/html) by extensions ['cmake', 'python']
[0.156s] Level 1:colcon.colcon_core.package_identification:_identify(/home/ruby/trento_lab_home/ros_ws/src/locosim/robot_control/base_controllers/climbingrobot_controller/codegen_mpc/mex/optimize_cpp_mpc_no_constraints/html) by extension 'cmake'
[0.156s] Level 1:colcon.colcon_core.package_identification:_identify(/home/ruby/trento_lab_home/ros_ws/src/locosim/robot_control/base_controllers/climbingrobot_controller/codegen_mpc/mex/optimize_cpp_mpc_no_constraints/html) by extension 'python'
[0.156s] Level 1:colcon.colcon_core.package_identification:_identify(/home/ruby/trento_lab_home/ros_ws/src/locosim/robot_control/base_controllers/climbingrobot_controller/codegen_mpc/mex/optimize_cpp_mpc_no_constraints/html) by extensions ['python_setup_py']
[0.156s] Level 1:colcon.colcon_core.package_identification:_identify(/home/ruby/trento_lab_home/ros_ws/src/locosim/robot_control/base_controllers/climbingrobot_controller/codegen_mpc/mex/optimize_cpp_mpc_no_constraints/html) by extension 'python_setup_py'
[0.156s] Level 1:colcon.colcon_core.package_identification:_identify(/home/ruby/trento_lab_home/ros_ws/src/locosim/robot_control/base_controllers/climbingrobot_controller/codegen_mpc/mex/optimize_cpp_mpc_no_constraints/interface) by extensions ['ignore', 'ignore_ament_install']
[0.156s] Level 1:colcon.colcon_core.package_identification:_identify(/home/ruby/trento_lab_home/ros_ws/src/locosim/robot_control/base_controllers/climbingrobot_controller/codegen_mpc/mex/optimize_cpp_mpc_no_constraints/interface) by extension 'ignore'
[0.156s] Level 1:colcon.colcon_core.package_identification:_identify(/home/ruby/trento_lab_home/ros_ws/src/locosim/robot_control/base_controllers/climbingrobot_controller/codegen_mpc/mex/optimize_cpp_mpc_no_constraints/interface) by extension 'ignore_ament_install'
[0.156s] Level 1:colcon.colcon_core.package_identification:_identify(/home/ruby/trento_lab_home/ros_ws/src/locosim/robot_control/base_controllers/climbingrobot_controller/codegen_mpc/mex/optimize_cpp_mpc_no_constraints/interface) by extensions ['colcon_pkg']
[0.156s] Level 1:colcon.colcon_core.package_identification:_identify(/home/ruby/trento_lab_home/ros_ws/src/locosim/robot_control/base_controllers/climbingrobot_controller/codegen_mpc/mex/optimize_cpp_mpc_no_constraints/interface) by extension 'colcon_pkg'
[0.156s] Level 1:colcon.colcon_core.package_identification:_identify(/home/ruby/trento_lab_home/ros_ws/src/locosim/robot_control/base_controllers/climbingrobot_controller/codegen_mpc/mex/optimize_cpp_mpc_no_constraints/interface) by extensions ['colcon_meta']
[0.156s] Level 1:colcon.colcon_core.package_identification:_identify(/home/ruby/trento_lab_home/ros_ws/src/locosim/robot_control/base_controllers/climbingrobot_controller/codegen_mpc/mex/optimize_cpp_mpc_no_constraints/interface) by extension 'colcon_meta'
[0.156s] Level 1:colcon.colcon_core.package_identification:_identify(/home/ruby/trento_lab_home/ros_ws/src/locosim/robot_control/base_controllers/climbingrobot_controller/codegen_mpc/mex/optimize_cpp_mpc_no_constraints/interface) by extensions ['ros']
[0.156s] Level 1:colcon.colcon_core.package_identification:_identify(/home/ruby/trento_lab_home/ros_ws/src/locosim/robot_control/base_controllers/climbingrobot_controller/codegen_mpc/mex/optimize_cpp_mpc_no_constraints/interface) by extension 'ros'
[0.156s] Level 1:colcon.colcon_core.package_identification:_identify(/home/ruby/trento_lab_home/ros_ws/src/locosim/robot_control/base_controllers/climbingrobot_controller/codegen_mpc/mex/optimize_cpp_mpc_no_constraints/interface) by extensions ['cmake', 'python']
[0.156s] Level 1:colcon.colcon_core.package_identification:_identify(/home/ruby/trento_lab_home/ros_ws/src/locosim/robot_control/base_controllers/climbingrobot_controller/codegen_mpc/mex/optimize_cpp_mpc_no_constraints/interface) by extension 'cmake'
[0.156s] Level 1:colcon.colcon_core.package_identification:_identify(/home/ruby/trento_lab_home/ros_ws/src/locosim/robot_control/base_controllers/climbingrobot_controller/codegen_mpc/mex/optimize_cpp_mpc_no_constraints/interface) by extension 'python'
[0.157s] Level 1:colcon.colcon_core.package_identification:_identify(/home/ruby/trento_lab_home/ros_ws/src/locosim/robot_control/base_controllers/climbingrobot_controller/codegen_mpc/mex/optimize_cpp_mpc_no_constraints/interface) by extensions ['python_setup_py']
[0.157s] Level 1:colcon.colcon_core.package_identification:_identify(/home/ruby/trento_lab_home/ros_ws/src/locosim/robot_control/base_controllers/climbingrobot_controller/codegen_mpc/mex/optimize_cpp_mpc_no_constraints/interface) by extension 'python_setup_py'
[0.157s] Level 1:colcon.colcon_core.package_identification:_identify(/home/ruby/trento_lab_home/ros_ws/src/locosim/robot_control/base_controllers/climbingrobot_controller/codegen_mpc/mex/optimize_cpp_mpc_propellers) by extensions ['ignore', 'ignore_ament_install']
[0.157s] Level 1:colcon.colcon_core.package_identification:_identify(/home/ruby/trento_lab_home/ros_ws/src/locosim/robot_control/base_controllers/climbingrobot_controller/codegen_mpc/mex/optimize_cpp_mpc_propellers) by extension 'ignore'
[0.157s] Level 1:colcon.colcon_core.package_identification:_identify(/home/ruby/trento_lab_home/ros_ws/src/locosim/robot_control/base_controllers/climbingrobot_controller/codegen_mpc/mex/optimize_cpp_mpc_propellers) by extension 'ignore_ament_install'
[0.157s] Level 1:colcon.colcon_core.package_identification:_identify(/home/ruby/trento_lab_home/ros_ws/src/locosim/robot_control/base_controllers/climbingrobot_controller/codegen_mpc/mex/optimize_cpp_mpc_propellers) by extensions ['colcon_pkg']
[0.157s] Level 1:colcon.colcon_core.package_identification:_identify(/home/ruby/trento_lab_home/ros_ws/src/locosim/robot_control/base_controllers/climbingrobot_controller/codegen_mpc/mex/optimize_cpp_mpc_propellers) by extension 'colcon_pkg'
[0.157s] Level 1:colcon.colcon_core.package_identification:_identify(/home/ruby/trento_lab_home/ros_ws/src/locosim/robot_control/base_controllers/climbingrobot_controller/codegen_mpc/mex/optimize_cpp_mpc_propellers) by extensions ['colcon_meta']
[0.157s] Level 1:colcon.colcon_core.package_identification:_identify(/home/ruby/trento_lab_home/ros_ws/src/locosim/robot_control/base_controllers/climbingrobot_controller/codegen_mpc/mex/optimize_cpp_mpc_propellers) by extension 'colcon_meta'
[0.157s] Level 1:colcon.colcon_core.package_identification:_identify(/home/ruby/trento_lab_home/ros_ws/src/locosim/robot_control/base_controllers/climbingrobot_controller/codegen_mpc/mex/optimize_cpp_mpc_propellers) by extensions ['ros']
[0.157s] Level 1:colcon.colcon_core.package_identification:_identify(/home/ruby/trento_lab_home/ros_ws/src/locosim/robot_control/base_controllers/climbingrobot_controller/codegen_mpc/mex/optimize_cpp_mpc_propellers) by extension 'ros'
[0.157s] Level 1:colcon.colcon_core.package_identification:_identify(/home/ruby/trento_lab_home/ros_ws/src/locosim/robot_control/base_controllers/climbingrobot_controller/codegen_mpc/mex/optimize_cpp_mpc_propellers) by extensions ['cmake', 'python']
[0.157s] Level 1:colcon.colcon_core.package_identification:_identify(/home/ruby/trento_lab_home/ros_ws/src/locosim/robot_control/base_controllers/climbingrobot_controller/codegen_mpc/mex/optimize_cpp_mpc_propellers) by extension 'cmake'
[0.157s] Level 1:colcon.colcon_core.package_identification:_identify(/home/ruby/trento_lab_home/ros_ws/src/locosim/robot_control/base_controllers/climbingrobot_controller/codegen_mpc/mex/optimize_cpp_mpc_propellers) by extension 'python'
[0.157s] Level 1:colcon.colcon_core.package_identification:_identify(/home/ruby/trento_lab_home/ros_ws/src/locosim/robot_control/base_controllers/climbingrobot_controller/codegen_mpc/mex/optimize_cpp_mpc_propellers) by extensions ['python_setup_py']
[0.157s] Level 1:colcon.colcon_core.package_identification:_identify(/home/ruby/trento_lab_home/ros_ws/src/locosim/robot_control/base_controllers/climbingrobot_controller/codegen_mpc/mex/optimize_cpp_mpc_propellers) by extension 'python_setup_py'
[0.157s] Level 1:colcon.colcon_core.package_identification:_identify(/home/ruby/trento_lab_home/ros_ws/src/locosim/robot_control/base_controllers/climbingrobot_controller/codegen_mpc/mex/optimize_cpp_mpc_propellers/html) by extensions ['ignore', 'ignore_ament_install']
[0.157s] Level 1:colcon.colcon_core.package_identification:_identify(/home/ruby/trento_lab_home/ros_ws/src/locosim/robot_control/base_controllers/climbingrobot_controller/codegen_mpc/mex/optimize_cpp_mpc_propellers/html) by extension 'ignore'
[0.157s] Level 1:colcon.colcon_core.package_identification:_identify(/home/ruby/trento_lab_home/ros_ws/src/locosim/robot_control/base_controllers/climbingrobot_controller/codegen_mpc/mex/optimize_cpp_mpc_propellers/html) by extension 'ignore_ament_install'
[0.157s] Level 1:colcon.colcon_core.package_identification:_identify(/home/ruby/trento_lab_home/ros_ws/src/locosim/robot_control/base_controllers/climbingrobot_controller/codegen_mpc/mex/optimize_cpp_mpc_propellers/html) by extensions ['colcon_pkg']
[0.157s] Level 1:colcon.colcon_core.package_identification:_identify(/home/ruby/trento_lab_home/ros_ws/src/locosim/robot_control/base_controllers/climbingrobot_controller/codegen_mpc/mex/optimize_cpp_mpc_propellers/html) by extension 'colcon_pkg'
[0.157s] Level 1:colcon.colcon_core.package_identification:_identify(/home/ruby/trento_lab_home/ros_ws/src/locosim/robot_control/base_controllers/climbingrobot_controller/codegen_mpc/mex/optimize_cpp_mpc_propellers/html) by extensions ['colcon_meta']
[0.157s] Level 1:colcon.colcon_core.package_identification:_identify(/home/ruby/trento_lab_home/ros_ws/src/locosim/robot_control/base_controllers/climbingrobot_controller/codegen_mpc/mex/optimize_cpp_mpc_propellers/html) by extension 'colcon_meta'
[0.157s] Level 1:colcon.colcon_core.package_identification:_identify(/home/ruby/trento_lab_home/ros_ws/src/locosim/robot_control/base_controllers/climbingrobot_controller/codegen_mpc/mex/optimize_cpp_mpc_propellers/html) by extensions ['ros']
[0.157s] Level 1:colcon.colcon_core.package_identification:_identify(/home/ruby/trento_lab_home/ros_ws/src/locosim/robot_control/base_controllers/climbingrobot_controller/codegen_mpc/mex/optimize_cpp_mpc_propellers/html) by extension 'ros'
[0.157s] Level 1:colcon.colcon_core.package_identification:_identify(/home/ruby/trento_lab_home/ros_ws/src/locosim/robot_control/base_controllers/climbingrobot_controller/codegen_mpc/mex/optimize_cpp_mpc_propellers/html) by extensions ['cmake', 'python']
[0.157s] Level 1:colcon.colcon_core.package_identification:_identify(/home/ruby/trento_lab_home/ros_ws/src/locosim/robot_control/base_controllers/climbingrobot_controller/codegen_mpc/mex/optimize_cpp_mpc_propellers/html) by extension 'cmake'
[0.157s] Level 1:colcon.colcon_core.package_identification:_identify(/home/ruby/trento_lab_home/ros_ws/src/locosim/robot_control/base_controllers/climbingrobot_controller/codegen_mpc/mex/optimize_cpp_mpc_propellers/html) by extension 'python'
[0.157s] Level 1:colcon.colcon_core.package_identification:_identify(/home/ruby/trento_lab_home/ros_ws/src/locosim/robot_control/base_controllers/climbingrobot_controller/codegen_mpc/mex/optimize_cpp_mpc_propellers/html) by extensions ['python_setup_py']
[0.157s] Level 1:colcon.colcon_core.package_identification:_identify(/home/ruby/trento_lab_home/ros_ws/src/locosim/robot_control/base_controllers/climbingrobot_controller/codegen_mpc/mex/optimize_cpp_mpc_propellers/html) by extension 'python_setup_py'
[0.158s] Level 1:colcon.colcon_core.package_identification:_identify(/home/ruby/trento_lab_home/ros_ws/src/locosim/robot_control/base_controllers/climbingrobot_controller/codegen_mpc/mex/optimize_cpp_mpc_propellers/interface) by extensions ['ignore', 'ignore_ament_install']
[0.158s] Level 1:colcon.colcon_core.package_identification:_identify(/home/ruby/trento_lab_home/ros_ws/src/locosim/robot_control/base_controllers/climbingrobot_controller/codegen_mpc/mex/optimize_cpp_mpc_propellers/interface) by extension 'ignore'
[0.158s] Level 1:colcon.colcon_core.package_identification:_identify(/home/ruby/trento_lab_home/ros_ws/src/locosim/robot_control/base_controllers/climbingrobot_controller/codegen_mpc/mex/optimize_cpp_mpc_propellers/interface) by extension 'ignore_ament_install'
[0.158s] Level 1:colcon.colcon_core.package_identification:_identify(/home/ruby/trento_lab_home/ros_ws/src/locosim/robot_control/base_controllers/climbingrobot_controller/codegen_mpc/mex/optimize_cpp_mpc_propellers/interface) by extensions ['colcon_pkg']
[0.158s] Level 1:colcon.colcon_core.package_identification:_identify(/home/ruby/trento_lab_home/ros_ws/src/locosim/robot_control/base_controllers/climbingrobot_controller/codegen_mpc/mex/optimize_cpp_mpc_propellers/interface) by extension 'colcon_pkg'
[0.158s] Level 1:colcon.colcon_core.package_identification:_identify(/home/ruby/trento_lab_home/ros_ws/src/locosim/robot_control/base_controllers/climbingrobot_controller/codegen_mpc/mex/optimize_cpp_mpc_propellers/interface) by extensions ['colcon_meta']
[0.158s] Level 1:colcon.colcon_core.package_identification:_identify(/home/ruby/trento_lab_home/ros_ws/src/locosim/robot_control/base_controllers/climbingrobot_controller/codegen_mpc/mex/optimize_cpp_mpc_propellers/interface) by extension 'colcon_meta'
[0.158s] Level 1:colcon.colcon_core.package_identification:_identify(/home/ruby/trento_lab_home/ros_ws/src/locosim/robot_control/base_controllers/climbingrobot_controller/codegen_mpc/mex/optimize_cpp_mpc_propellers/interface) by extensions ['ros']
[0.158s] Level 1:colcon.colcon_core.package_identification:_identify(/home/ruby/trento_lab_home/ros_ws/src/locosim/robot_control/base_controllers/climbingrobot_controller/codegen_mpc/mex/optimize_cpp_mpc_propellers/interface) by extension 'ros'
[0.158s] Level 1:colcon.colcon_core.package_identification:_identify(/home/ruby/trento_lab_home/ros_ws/src/locosim/robot_control/base_controllers/climbingrobot_controller/codegen_mpc/mex/optimize_cpp_mpc_propellers/interface) by extensions ['cmake', 'python']
[0.158s] Level 1:colcon.colcon_core.package_identification:_identify(/home/ruby/trento_lab_home/ros_ws/src/locosim/robot_control/base_controllers/climbingrobot_controller/codegen_mpc/mex/optimize_cpp_mpc_propellers/interface) by extension 'cmake'
[0.158s] Level 1:colcon.colcon_core.package_identification:_identify(/home/ruby/trento_lab_home/ros_ws/src/locosim/robot_control/base_controllers/climbingrobot_controller/codegen_mpc/mex/optimize_cpp_mpc_propellers/interface) by extension 'python'
[0.158s] Level 1:colcon.colcon_core.package_identification:_identify(/home/ruby/trento_lab_home/ros_ws/src/locosim/robot_control/base_controllers/climbingrobot_controller/codegen_mpc/mex/optimize_cpp_mpc_propellers/interface) by extensions ['python_setup_py']
[0.158s] Level 1:colcon.colcon_core.package_identification:_identify(/home/ruby/trento_lab_home/ros_ws/src/locosim/robot_control/base_controllers/climbingrobot_controller/codegen_mpc/mex/optimize_cpp_mpc_propellers/interface) by extension 'python_setup_py'
[0.158s] Level 1:colcon.colcon_core.package_identification:_identify(/home/ruby/trento_lab_home/ros_ws/src/locosim/robot_control/base_controllers/climbingrobot_controller/log) by extensions ['ignore', 'ignore_ament_install']
[0.158s] Level 1:colcon.colcon_core.package_identification:_identify(/home/ruby/trento_lab_home/ros_ws/src/locosim/robot_control/base_controllers/climbingrobot_controller/log) by extension 'ignore'
[0.158s] Level 1:colcon.colcon_core.package_identification:_identify(/home/ruby/trento_lab_home/ros_ws/src/locosim/robot_control/base_controllers/climbingrobot_controller/log) by extension 'ignore_ament_install'
[0.158s] Level 1:colcon.colcon_core.package_identification:_identify(/home/ruby/trento_lab_home/ros_ws/src/locosim/robot_control/base_controllers/climbingrobot_controller/log) by extensions ['colcon_pkg']
[0.158s] Level 1:colcon.colcon_core.package_identification:_identify(/home/ruby/trento_lab_home/ros_ws/src/locosim/robot_control/base_controllers/climbingrobot_controller/log) by extension 'colcon_pkg'
[0.158s] Level 1:colcon.colcon_core.package_identification:_identify(/home/ruby/trento_lab_home/ros_ws/src/locosim/robot_control/base_controllers/climbingrobot_controller/log) by extensions ['colcon_meta']
[0.158s] Level 1:colcon.colcon_core.package_identification:_identify(/home/ruby/trento_lab_home/ros_ws/src/locosim/robot_control/base_controllers/climbingrobot_controller/log) by extension 'colcon_meta'
[0.158s] Level 1:colcon.colcon_core.package_identification:_identify(/home/ruby/trento_lab_home/ros_ws/src/locosim/robot_control/base_controllers/climbingrobot_controller/log) by extensions ['ros']
[0.158s] Level 1:colcon.colcon_core.package_identification:_identify(/home/ruby/trento_lab_home/ros_ws/src/locosim/robot_control/base_controllers/climbingrobot_controller/log) by extension 'ros'
[0.158s] Level 1:colcon.colcon_core.package_identification:_identify(/home/ruby/trento_lab_home/ros_ws/src/locosim/robot_control/base_controllers/climbingrobot_controller/log) by extensions ['cmake', 'python']
[0.158s] Level 1:colcon.colcon_core.package_identification:_identify(/home/ruby/trento_lab_home/ros_ws/src/locosim/robot_control/base_controllers/climbingrobot_controller/log) by extension 'cmake'
[0.158s] Level 1:colcon.colcon_core.package_identification:_identify(/home/ruby/trento_lab_home/ros_ws/src/locosim/robot_control/base_controllers/climbingrobot_controller/log) by extension 'python'
[0.158s] Level 1:colcon.colcon_core.package_identification:_identify(/home/ruby/trento_lab_home/ros_ws/src/locosim/robot_control/base_controllers/climbingrobot_controller/log) by extensions ['python_setup_py']
[0.158s] Level 1:colcon.colcon_core.package_identification:_identify(/home/ruby/trento_lab_home/ros_ws/src/locosim/robot_control/base_controllers/climbingrobot_controller/log) by extension 'python_setup_py'
[0.158s] Level 1:colcon.colcon_core.package_identification:_identify(/home/ruby/trento_lab_home/ros_ws/src/locosim/robot_control/base_controllers/climbingrobot_controller/log/list_2025-11-05_14-14-23) by extensions ['ignore', 'ignore_ament_install']
[0.158s] Level 1:colcon.colcon_core.package_identification:_identify(/home/ruby/trento_lab_home/ros_ws/src/locosim/robot_control/base_controllers/climbingrobot_controller/log/list_2025-11-05_14-14-23) by extension 'ignore'
[0.158s] Level 1:colcon.colcon_core.package_identification:_identify(/home/ruby/trento_lab_home/ros_ws/src/locosim/robot_control/base_controllers/climbingrobot_controller/log/list_2025-11-05_14-14-23) by extension 'ignore_ament_install'
[0.159s] Level 1:colcon.colcon_core.package_identification:_identify(/home/ruby/trento_lab_home/ros_ws/src/locosim/robot_control/base_controllers/climbingrobot_controller/log/list_2025-11-05_14-14-23) by extensions ['colcon_pkg']
[0.159s] Level 1:colcon.colcon_core.package_identification:_identify(/home/ruby/trento_lab_home/ros_ws/src/locosim/robot_control/base_controllers/climbingrobot_controller/log/list_2025-11-05_14-14-23) by extension 'colcon_pkg'
[0.159s] Level 1:colcon.colcon_core.package_identification:_identify(/home/ruby/trento_lab_home/ros_ws/src/locosim/robot_control/base_controllers/climbingrobot_controller/log/list_2025-11-05_14-14-23) by extensions ['colcon_meta']
[0.159s] Level 1:colcon.colcon_core.package_identification:_identify(/home/ruby/trento_lab_home/ros_ws/src/locosim/robot_control/base_controllers/climbingrobot_controller/log/list_2025-11-05_14-14-23) by extension 'colcon_meta'
[0.159s] Level 1:colcon.colcon_core.package_identification:_identify(/home/ruby/trento_lab_home/ros_ws/src/locosim/robot_control/base_controllers/climbingrobot_controller/log/list_2025-11-05_14-14-23) by extensions ['ros']
[0.159s] Level 1:colcon.colcon_core.package_identification:_identify(/home/ruby/trento_lab_home/ros_ws/src/locosim/robot_control/base_controllers/climbingrobot_controller/log/list_2025-11-05_14-14-23) by extension 'ros'
[0.159s] Level 1:colcon.colcon_core.package_identification:_identify(/home/ruby/trento_lab_home/ros_ws/src/locosim/robot_control/base_controllers/climbingrobot_controller/log/list_2025-11-05_14-14-23) by extensions ['cmake', 'python']
[0.159s] Level 1:colcon.colcon_core.package_identification:_identify(/home/ruby/trento_lab_home/ros_ws/src/locosim/robot_control/base_controllers/climbingrobot_controller/log/list_2025-11-05_14-14-23) by extension 'cmake'
[0.159s] Level 1:colcon.colcon_core.package_identification:_identify(/home/ruby/trento_lab_home/ros_ws/src/locosim/robot_control/base_controllers/climbingrobot_controller/log/list_2025-11-05_14-14-23) by extension 'python'
[0.159s] Level 1:colcon.colcon_core.package_identification:_identify(/home/ruby/trento_lab_home/ros_ws/src/locosim/robot_control/base_controllers/climbingrobot_controller/log/list_2025-11-05_14-14-23) by extensions ['python_setup_py']
[0.159s] Level 1:colcon.colcon_core.package_identification:_identify(/home/ruby/trento_lab_home/ros_ws/src/locosim/robot_control/base_controllers/climbingrobot_controller/log/list_2025-11-05_14-14-23) by extension 'python_setup_py'
[0.159s] Level 1:colcon.colcon_core.package_identification:_identify(/home/ruby/trento_lab_home/ros_ws/src/locosim/robot_control/base_controllers/components) by extensions ['ignore', 'ignore_ament_install']
[0.159s] Level 1:colcon.colcon_core.package_identification:_identify(/home/ruby/trento_lab_home/ros_ws/src/locosim/robot_control/base_controllers/components) by extension 'ignore'
[0.159s] Level 1:colcon.colcon_core.package_identification:_identify(/home/ruby/trento_lab_home/ros_ws/src/locosim/robot_control/base_controllers/components) by extension 'ignore_ament_install'
[0.159s] Level 1:colcon.colcon_core.package_identification:_identify(/home/ruby/trento_lab_home/ros_ws/src/locosim/robot_control/base_controllers/components) by extensions ['colcon_pkg']
[0.159s] Level 1:colcon.colcon_core.package_identification:_identify(/home/ruby/trento_lab_home/ros_ws/src/locosim/robot_control/base_controllers/components) by extension 'colcon_pkg'
[0.159s] Level 1:colcon.colcon_core.package_identification:_identify(/home/ruby/trento_lab_home/ros_ws/src/locosim/robot_control/base_controllers/components) by extensions ['colcon_meta']
[0.159s] Level 1:colcon.colcon_core.package_identification:_identify(/home/ruby/trento_lab_home/ros_ws/src/locosim/robot_control/base_controllers/components) by extension 'colcon_meta'
[0.159s] Level 1:colcon.colcon_core.package_identification:_identify(/home/ruby/trento_lab_home/ros_ws/src/locosim/robot_control/base_controllers/components) by extensions ['ros']
[0.159s] Level 1:colcon.colcon_core.package_identification:_identify(/home/ruby/trento_lab_home/ros_ws/src/locosim/robot_control/base_controllers/components) by extension 'ros'
[0.159s] Level 1:colcon.colcon_core.package_identification:_identify(/home/ruby/trento_lab_home/ros_ws/src/locosim/robot_control/base_controllers/components) by extensions ['cmake', 'python']
[0.159s] Level 1:colcon.colcon_core.package_identification:_identify(/home/ruby/trento_lab_home/ros_ws/src/locosim/robot_control/base_controllers/components) by extension 'cmake'
[0.159s] Level 1:colcon.colcon_core.package_identification:_identify(/home/ruby/trento_lab_home/ros_ws/src/locosim/robot_control/base_controllers/components) by extension 'python'
[0.159s] Level 1:colcon.colcon_core.package_identification:_identify(/home/ruby/trento_lab_home/ros_ws/src/locosim/robot_control/base_controllers/components) by extensions ['python_setup_py']
[0.159s] Level 1:colcon.colcon_core.package_identification:_identify(/home/ruby/trento_lab_home/ros_ws/src/locosim/robot_control/base_controllers/components) by extension 'python_setup_py'
[0.159s] Level 1:colcon.colcon_core.package_identification:_identify(/home/ruby/trento_lab_home/ros_ws/src/locosim/robot_control/base_controllers/components/__pycache__) by extensions ['ignore', 'ignore_ament_install']
[0.159s] Level 1:colcon.colcon_core.package_identification:_identify(/home/ruby/trento_lab_home/ros_ws/src/locosim/robot_control/base_controllers/components/__pycache__) by extension 'ignore'
[0.159s] Level 1:colcon.colcon_core.package_identification:_identify(/home/ruby/trento_lab_home/ros_ws/src/locosim/robot_control/base_controllers/components/__pycache__) by extension 'ignore_ament_install'
[0.159s] Level 1:colcon.colcon_core.package_identification:_identify(/home/ruby/trento_lab_home/ros_ws/src/locosim/robot_control/base_controllers/components/__pycache__) by extensions ['colcon_pkg']
[0.159s] Level 1:colcon.colcon_core.package_identification:_identify(/home/ruby/trento_lab_home/ros_ws/src/locosim/robot_control/base_controllers/components/__pycache__) by extension 'colcon_pkg'
[0.159s] Level 1:colcon.colcon_core.package_identification:_identify(/home/ruby/trento_lab_home/ros_ws/src/locosim/robot_control/base_controllers/components/__pycache__) by extensions ['colcon_meta']
[0.159s] Level 1:colcon.colcon_core.package_identification:_identify(/home/ruby/trento_lab_home/ros_ws/src/locosim/robot_control/base_controllers/components/__pycache__) by extension 'colcon_meta'
[0.159s] Level 1:colcon.colcon_core.package_identification:_identify(/home/ruby/trento_lab_home/ros_ws/src/locosim/robot_control/base_controllers/components/__pycache__) by extensions ['ros']
[0.159s] Level 1:colcon.colcon_core.package_identification:_identify(/home/ruby/trento_lab_home/ros_ws/src/locosim/robot_control/base_controllers/components/__pycache__) by extension 'ros'
[0.160s] Level 1:colcon.colcon_core.package_identification:_identify(/home/ruby/trento_lab_home/ros_ws/src/locosim/robot_control/base_controllers/components/__pycache__) by extensions ['cmake', 'python']
[0.160s] Level 1:colcon.colcon_core.package_identification:_identify(/home/ruby/trento_lab_home/ros_ws/src/locosim/robot_control/base_controllers/components/__pycache__) by extension 'cmake'
[0.160s] Level 1:colcon.colcon_core.package_identification:_identify(/home/ruby/trento_lab_home/ros_ws/src/locosim/robot_control/base_controllers/components/__pycache__) by extension 'python'
[0.160s] Level 1:colcon.colcon_core.package_identification:_identify(/home/ruby/trento_lab_home/ros_ws/src/locosim/robot_control/base_controllers/components/__pycache__) by extensions ['python_setup_py']
[0.160s] Level 1:colcon.colcon_core.package_identification:_identify(/home/ruby/trento_lab_home/ros_ws/src/locosim/robot_control/base_controllers/components/__pycache__) by extension 'python_setup_py'
[0.160s] Level 1:colcon.colcon_core.package_identification:_identify(/home/ruby/trento_lab_home/ros_ws/src/locosim/robot_control/base_controllers/components/energy_stability_margin) by extensions ['ignore', 'ignore_ament_install']
[0.160s] Level 1:colcon.colcon_core.package_identification:_identify(/home/ruby/trento_lab_home/ros_ws/src/locosim/robot_control/base_controllers/components/energy_stability_margin) by extension 'ignore'
[0.160s] Level 1:colcon.colcon_core.package_identification:_identify(/home/ruby/trento_lab_home/ros_ws/src/locosim/robot_control/base_controllers/components/energy_stability_margin) by extension 'ignore_ament_install'
[0.160s] Level 1:colcon.colcon_core.package_identification:_identify(/home/ruby/trento_lab_home/ros_ws/src/locosim/robot_control/base_controllers/components/energy_stability_margin) by extensions ['colcon_pkg']
[0.160s] Level 1:colcon.colcon_core.package_identification:_identify(/home/ruby/trento_lab_home/ros_ws/src/locosim/robot_control/base_controllers/components/energy_stability_margin) by extension 'colcon_pkg'
[0.160s] Level 1:colcon.colcon_core.package_identification:_identify(/home/ruby/trento_lab_home/ros_ws/src/locosim/robot_control/base_controllers/components/energy_stability_margin) by extensions ['colcon_meta']
[0.160s] Level 1:colcon.colcon_core.package_identification:_identify(/home/ruby/trento_lab_home/ros_ws/src/locosim/robot_control/base_controllers/components/energy_stability_margin) by extension 'colcon_meta'
[0.160s] Level 1:colcon.colcon_core.package_identification:_identify(/home/ruby/trento_lab_home/ros_ws/src/locosim/robot_control/base_controllers/components/energy_stability_margin) by extensions ['ros']
[0.160s] Level 1:colcon.colcon_core.package_identification:_identify(/home/ruby/trento_lab_home/ros_ws/src/locosim/robot_control/base_controllers/components/energy_stability_margin) by extension 'ros'
[0.160s] Level 1:colcon.colcon_core.package_identification:_identify(/home/ruby/trento_lab_home/ros_ws/src/locosim/robot_control/base_controllers/components/energy_stability_margin) by extensions ['cmake', 'python']
[0.160s] Level 1:colcon.colcon_core.package_identification:_identify(/home/ruby/trento_lab_home/ros_ws/src/locosim/robot_control/base_controllers/components/energy_stability_margin) by extension 'cmake'
[0.160s] Level 1:colcon.colcon_core.package_identification:_identify(/home/ruby/trento_lab_home/ros_ws/src/locosim/robot_control/base_controllers/components/energy_stability_margin) by extension 'python'
[0.160s] Level 1:colcon.colcon_core.package_identification:_identify(/home/ruby/trento_lab_home/ros_ws/src/locosim/robot_control/base_controllers/components/energy_stability_margin) by extensions ['python_setup_py']
[0.160s] Level 1:colcon.colcon_core.package_identification:_identify(/home/ruby/trento_lab_home/ros_ws/src/locosim/robot_control/base_controllers/components/energy_stability_margin) by extension 'python_setup_py'
[0.160s] Level 1:colcon.colcon_core.package_identification:_identify(/home/ruby/trento_lab_home/ros_ws/src/locosim/robot_control/base_controllers/components/heightmap) by extensions ['ignore', 'ignore_ament_install']
[0.160s] Level 1:colcon.colcon_core.package_identification:_identify(/home/ruby/trento_lab_home/ros_ws/src/locosim/robot_control/base_controllers/components/heightmap) by extension 'ignore'
[0.160s] Level 1:colcon.colcon_core.package_identification:_identify(/home/ruby/trento_lab_home/ros_ws/src/locosim/robot_control/base_controllers/components/heightmap) by extension 'ignore_ament_install'
[0.160s] Level 1:colcon.colcon_core.package_identification:_identify(/home/ruby/trento_lab_home/ros_ws/src/locosim/robot_control/base_controllers/components/heightmap) by extensions ['colcon_pkg']
[0.160s] Level 1:colcon.colcon_core.package_identification:_identify(/home/ruby/trento_lab_home/ros_ws/src/locosim/robot_control/base_controllers/components/heightmap) by extension 'colcon_pkg'
[0.160s] Level 1:colcon.colcon_core.package_identification:_identify(/home/ruby/trento_lab_home/ros_ws/src/locosim/robot_control/base_controllers/components/heightmap) by extensions ['colcon_meta']
[0.160s] Level 1:colcon.colcon_core.package_identification:_identify(/home/ruby/trento_lab_home/ros_ws/src/locosim/robot_control/base_controllers/components/heightmap) by extension 'colcon_meta'
[0.160s] Level 1:colcon.colcon_core.package_identification:_identify(/home/ruby/trento_lab_home/ros_ws/src/locosim/robot_control/base_controllers/components/heightmap) by extensions ['ros']
[0.160s] Level 1:colcon.colcon_core.package_identification:_identify(/home/ruby/trento_lab_home/ros_ws/src/locosim/robot_control/base_controllers/components/heightmap) by extension 'ros'
[0.160s] Level 1:colcon.colcon_core.package_identification:_identify(/home/ruby/trento_lab_home/ros_ws/src/locosim/robot_control/base_controllers/components/heightmap) by extensions ['cmake', 'python']
[0.160s] Level 1:colcon.colcon_core.package_identification:_identify(/home/ruby/trento_lab_home/ros_ws/src/locosim/robot_control/base_controllers/components/heightmap) by extension 'cmake'
[0.160s] Level 1:colcon.colcon_core.package_identification:_identify(/home/ruby/trento_lab_home/ros_ws/src/locosim/robot_control/base_controllers/components/heightmap) by extension 'python'
[0.160s] Level 1:colcon.colcon_core.package_identification:_identify(/home/ruby/trento_lab_home/ros_ws/src/locosim/robot_control/base_controllers/components/heightmap) by extensions ['python_setup_py']
[0.160s] Level 1:colcon.colcon_core.package_identification:_identify(/home/ruby/trento_lab_home/ros_ws/src/locosim/robot_control/base_controllers/components/heightmap) by extension 'python_setup_py'
[0.161s] Level 1:colcon.colcon_core.package_identification:_identify(/home/ruby/trento_lab_home/ros_ws/src/locosim/robot_control/base_controllers/components/inverse_kinematics) by extensions ['ignore', 'ignore_ament_install']
[0.161s] Level 1:colcon.colcon_core.package_identification:_identify(/home/ruby/trento_lab_home/ros_ws/src/locosim/robot_control/base_controllers/components/inverse_kinematics) by extension 'ignore'
[0.161s] Level 1:colcon.colcon_core.package_identification:_identify(/home/ruby/trento_lab_home/ros_ws/src/locosim/robot_control/base_controllers/components/inverse_kinematics) by extension 'ignore_ament_install'
[0.161s] Level 1:colcon.colcon_core.package_identification:_identify(/home/ruby/trento_lab_home/ros_ws/src/locosim/robot_control/base_controllers/components/inverse_kinematics) by extensions ['colcon_pkg']
[0.161s] Level 1:colcon.colcon_core.package_identification:_identify(/home/ruby/trento_lab_home/ros_ws/src/locosim/robot_control/base_controllers/components/inverse_kinematics) by extension 'colcon_pkg'
[0.161s] Level 1:colcon.colcon_core.package_identification:_identify(/home/ruby/trento_lab_home/ros_ws/src/locosim/robot_control/base_controllers/components/inverse_kinematics) by extensions ['colcon_meta']
[0.161s] Level 1:colcon.colcon_core.package_identification:_identify(/home/ruby/trento_lab_home/ros_ws/src/locosim/robot_control/base_controllers/components/inverse_kinematics) by extension 'colcon_meta'
[0.161s] Level 1:colcon.colcon_core.package_identification:_identify(/home/ruby/trento_lab_home/ros_ws/src/locosim/robot_control/base_controllers/components/inverse_kinematics) by extensions ['ros']
[0.161s] Level 1:colcon.colcon_core.package_identification:_identify(/home/ruby/trento_lab_home/ros_ws/src/locosim/robot_control/base_controllers/components/inverse_kinematics) by extension 'ros'
[0.161s] Level 1:colcon.colcon_core.package_identification:_identify(/home/ruby/trento_lab_home/ros_ws/src/locosim/robot_control/base_controllers/components/inverse_kinematics) by extensions ['cmake', 'python']
[0.161s] Level 1:colcon.colcon_core.package_identification:_identify(/home/ruby/trento_lab_home/ros_ws/src/locosim/robot_control/base_controllers/components/inverse_kinematics) by extension 'cmake'
[0.161s] Level 1:colcon.colcon_core.package_identification:_identify(/home/ruby/trento_lab_home/ros_ws/src/locosim/robot_control/base_controllers/components/inverse_kinematics) by extension 'python'
[0.161s] Level 1:colcon.colcon_core.package_identification:_identify(/home/ruby/trento_lab_home/ros_ws/src/locosim/robot_control/base_controllers/components/inverse_kinematics) by extensions ['python_setup_py']
[0.161s] Level 1:colcon.colcon_core.package_identification:_identify(/home/ruby/trento_lab_home/ros_ws/src/locosim/robot_control/base_controllers/components/inverse_kinematics) by extension 'python_setup_py'
[0.161s] Level 1:colcon.colcon_core.package_identification:_identify(/home/ruby/trento_lab_home/ros_ws/src/locosim/robot_control/base_controllers/components/leg_odometry) by extensions ['ignore', 'ignore_ament_install']
[0.161s] Level 1:colcon.colcon_core.package_identification:_identify(/home/ruby/trento_lab_home/ros_ws/src/locosim/robot_control/base_controllers/components/leg_odometry) by extension 'ignore'
[0.161s] Level 1:colcon.colcon_core.package_identification:_identify(/home/ruby/trento_lab_home/ros_ws/src/locosim/robot_control/base_controllers/components/leg_odometry) by extension 'ignore_ament_install'
[0.161s] Level 1:colcon.colcon_core.package_identification:_identify(/home/ruby/trento_lab_home/ros_ws/src/locosim/robot_control/base_controllers/components/leg_odometry) by extensions ['colcon_pkg']
[0.161s] Level 1:colcon.colcon_core.package_identification:_identify(/home/ruby/trento_lab_home/ros_ws/src/locosim/robot_control/base_controllers/components/leg_odometry) by extension 'colcon_pkg'
[0.161s] Level 1:colcon.colcon_core.package_identification:_identify(/home/ruby/trento_lab_home/ros_ws/src/locosim/robot_control/base_controllers/components/leg_odometry) by extensions ['colcon_meta']
[0.161s] Level 1:colcon.colcon_core.package_identification:_identify(/home/ruby/trento_lab_home/ros_ws/src/locosim/robot_control/base_controllers/components/leg_odometry) by extension 'colcon_meta'
[0.161s] Level 1:colcon.colcon_core.package_identification:_identify(/home/ruby/trento_lab_home/ros_ws/src/locosim/robot_control/base_controllers/components/leg_odometry) by extensions ['ros']
[0.161s] Level 1:colcon.colcon_core.package_identification:_identify(/home/ruby/trento_lab_home/ros_ws/src/locosim/robot_control/base_controllers/components/leg_odometry) by extension 'ros'
[0.161s] Level 1:colcon.colcon_core.package_identification:_identify(/home/ruby/trento_lab_home/ros_ws/src/locosim/robot_control/base_controllers/components/leg_odometry) by extensions ['cmake', 'python']
[0.161s] Level 1:colcon.colcon_core.package_identification:_identify(/home/ruby/trento_lab_home/ros_ws/src/locosim/robot_control/base_controllers/components/leg_odometry) by extension 'cmake'
[0.161s] Level 1:colcon.colcon_core.package_identification:_identify(/home/ruby/trento_lab_home/ros_ws/src/locosim/robot_control/base_controllers/components/leg_odometry) by extension 'python'
[0.161s] Level 1:colcon.colcon_core.package_identification:_identify(/home/ruby/trento_lab_home/ros_ws/src/locosim/robot_control/base_controllers/components/leg_odometry) by extensions ['python_setup_py']
[0.161s] Level 1:colcon.colcon_core.package_identification:_identify(/home/ruby/trento_lab_home/ros_ws/src/locosim/robot_control/base_controllers/components/leg_odometry) by extension 'python_setup_py'
[0.161s] Level 1:colcon.colcon_core.package_identification:_identify(/home/ruby/trento_lab_home/ros_ws/src/locosim/robot_control/base_controllers/components/obstacle_avoidance) by extensions ['ignore', 'ignore_ament_install']
[0.161s] Level 1:colcon.colcon_core.package_identification:_identify(/home/ruby/trento_lab_home/ros_ws/src/locosim/robot_control/base_controllers/components/obstacle_avoidance) by extension 'ignore'
[0.161s] Level 1:colcon.colcon_core.package_identification:_identify(/home/ruby/trento_lab_home/ros_ws/src/locosim/robot_control/base_controllers/components/obstacle_avoidance) by extension 'ignore_ament_install'
[0.161s] Level 1:colcon.colcon_core.package_identification:_identify(/home/ruby/trento_lab_home/ros_ws/src/locosim/robot_control/base_controllers/components/obstacle_avoidance) by extensions ['colcon_pkg']
[0.161s] Level 1:colcon.colcon_core.package_identification:_identify(/home/ruby/trento_lab_home/ros_ws/src/locosim/robot_control/base_controllers/components/obstacle_avoidance) by extension 'colcon_pkg'
[0.161s] Level 1:colcon.colcon_core.package_identification:_identify(/home/ruby/trento_lab_home/ros_ws/src/locosim/robot_control/base_controllers/components/obstacle_avoidance) by extensions ['colcon_meta']
[0.161s] Level 1:colcon.colcon_core.package_identification:_identify(/home/ruby/trento_lab_home/ros_ws/src/locosim/robot_control/base_controllers/components/obstacle_avoidance) by extension 'colcon_meta'
[0.162s] Level 1:colcon.colcon_core.package_identification:_identify(/home/ruby/trento_lab_home/ros_ws/src/locosim/robot_control/base_controllers/components/obstacle_avoidance) by extensions ['ros']
[0.162s] Level 1:colcon.colcon_core.package_identification:_identify(/home/ruby/trento_lab_home/ros_ws/src/locosim/robot_control/base_controllers/components/obstacle_avoidance) by extension 'ros'
[0.162s] Level 1:colcon.colcon_core.package_identification:_identify(/home/ruby/trento_lab_home/ros_ws/src/locosim/robot_control/base_controllers/components/obstacle_avoidance) by extensions ['cmake', 'python']
[0.162s] Level 1:colcon.colcon_core.package_identification:_identify(/home/ruby/trento_lab_home/ros_ws/src/locosim/robot_control/base_controllers/components/obstacle_avoidance) by extension 'cmake'
[0.162s] Level 1:colcon.colcon_core.package_identification:_identify(/home/ruby/trento_lab_home/ros_ws/src/locosim/robot_control/base_controllers/components/obstacle_avoidance) by extension 'python'
[0.162s] Level 1:colcon.colcon_core.package_identification:_identify(/home/ruby/trento_lab_home/ros_ws/src/locosim/robot_control/base_controllers/components/obstacle_avoidance) by extensions ['python_setup_py']
[0.162s] Level 1:colcon.colcon_core.package_identification:_identify(/home/ruby/trento_lab_home/ros_ws/src/locosim/robot_control/base_controllers/components/obstacle_avoidance) by extension 'python_setup_py'
[0.162s] Level 1:colcon.colcon_core.package_identification:_identify(/home/ruby/trento_lab_home/ros_ws/src/locosim/robot_control/base_controllers/components/rl_velocity_controller) by extensions ['ignore', 'ignore_ament_install']
[0.162s] Level 1:colcon.colcon_core.package_identification:_identify(/home/ruby/trento_lab_home/ros_ws/src/locosim/robot_control/base_controllers/components/rl_velocity_controller) by extension 'ignore'
[0.162s] Level 1:colcon.colcon_core.package_identification:_identify(/home/ruby/trento_lab_home/ros_ws/src/locosim/robot_control/base_controllers/components/rl_velocity_controller) by extension 'ignore_ament_install'
[0.162s] Level 1:colcon.colcon_core.package_identification:_identify(/home/ruby/trento_lab_home/ros_ws/src/locosim/robot_control/base_controllers/components/rl_velocity_controller) by extensions ['colcon_pkg']
[0.162s] Level 1:colcon.colcon_core.package_identification:_identify(/home/ruby/trento_lab_home/ros_ws/src/locosim/robot_control/base_controllers/components/rl_velocity_controller) by extension 'colcon_pkg'
[0.162s] Level 1:colcon.colcon_core.package_identification:_identify(/home/ruby/trento_lab_home/ros_ws/src/locosim/robot_control/base_controllers/components/rl_velocity_controller) by extensions ['colcon_meta']
[0.162s] Level 1:colcon.colcon_core.package_identification:_identify(/home/ruby/trento_lab_home/ros_ws/src/locosim/robot_control/base_controllers/components/rl_velocity_controller) by extension 'colcon_meta'
[0.162s] Level 1:colcon.colcon_core.package_identification:_identify(/home/ruby/trento_lab_home/ros_ws/src/locosim/robot_control/base_controllers/components/rl_velocity_controller) by extensions ['ros']
[0.162s] Level 1:colcon.colcon_core.package_identification:_identify(/home/ruby/trento_lab_home/ros_ws/src/locosim/robot_control/base_controllers/components/rl_velocity_controller) by extension 'ros'
[0.162s] Level 1:colcon.colcon_core.package_identification:_identify(/home/ruby/trento_lab_home/ros_ws/src/locosim/robot_control/base_controllers/components/rl_velocity_controller) by extensions ['cmake', 'python']
[0.162s] Level 1:colcon.colcon_core.package_identification:_identify(/home/ruby/trento_lab_home/ros_ws/src/locosim/robot_control/base_controllers/components/rl_velocity_controller) by extension 'cmake'
[0.162s] Level 1:colcon.colcon_core.package_identification:_identify(/home/ruby/trento_lab_home/ros_ws/src/locosim/robot_control/base_controllers/components/rl_velocity_controller) by extension 'python'
[0.162s] Level 1:colcon.colcon_core.package_identification:_identify(/home/ruby/trento_lab_home/ros_ws/src/locosim/robot_control/base_controllers/components/rl_velocity_controller) by extensions ['python_setup_py']
[0.162s] Level 1:colcon.colcon_core.package_identification:_identify(/home/ruby/trento_lab_home/ros_ws/src/locosim/robot_control/base_controllers/components/rl_velocity_controller) by extension 'python_setup_py'
[0.162s] Level 1:colcon.colcon_core.package_identification:_identify(/home/ruby/trento_lab_home/ros_ws/src/locosim/robot_control/base_controllers/components/rl_velocity_controller/policies) by extensions ['ignore', 'ignore_ament_install']
[0.162s] Level 1:colcon.colcon_core.package_identification:_identify(/home/ruby/trento_lab_home/ros_ws/src/locosim/robot_control/base_controllers/components/rl_velocity_controller/policies) by extension 'ignore'
[0.162s] Level 1:colcon.colcon_core.package_identification:_identify(/home/ruby/trento_lab_home/ros_ws/src/locosim/robot_control/base_controllers/components/rl_velocity_controller/policies) by extension 'ignore_ament_install'
[0.162s] Level 1:colcon.colcon_core.package_identification:_identify(/home/ruby/trento_lab_home/ros_ws/src/locosim/robot_control/base_controllers/components/rl_velocity_controller/policies) by extensions ['colcon_pkg']
[0.162s] Level 1:colcon.colcon_core.package_identification:_identify(/home/ruby/trento_lab_home/ros_ws/src/locosim/robot_control/base_controllers/components/rl_velocity_controller/policies) by extension 'colcon_pkg'
[0.162s] Level 1:colcon.colcon_core.package_identification:_identify(/home/ruby/trento_lab_home/ros_ws/src/locosim/robot_control/base_controllers/components/rl_velocity_controller/policies) by extensions ['colcon_meta']
[0.162s] Level 1:colcon.colcon_core.package_identification:_identify(/home/ruby/trento_lab_home/ros_ws/src/locosim/robot_control/base_controllers/components/rl_velocity_controller/policies) by extension 'colcon_meta'
[0.162s] Level 1:colcon.colcon_core.package_identification:_identify(/home/ruby/trento_lab_home/ros_ws/src/locosim/robot_control/base_controllers/components/rl_velocity_controller/policies) by extensions ['ros']
[0.162s] Level 1:colcon.colcon_core.package_identification:_identify(/home/ruby/trento_lab_home/ros_ws/src/locosim/robot_control/base_controllers/components/rl_velocity_controller/policies) by extension 'ros'
[0.162s] Level 1:colcon.colcon_core.package_identification:_identify(/home/ruby/trento_lab_home/ros_ws/src/locosim/robot_control/base_controllers/components/rl_velocity_controller/policies) by extensions ['cmake', 'python']
[0.162s] Level 1:colcon.colcon_core.package_identification:_identify(/home/ruby/trento_lab_home/ros_ws/src/locosim/robot_control/base_controllers/components/rl_velocity_controller/policies) by extension 'cmake'
[0.162s] Level 1:colcon.colcon_core.package_identification:_identify(/home/ruby/trento_lab_home/ros_ws/src/locosim/robot_control/base_controllers/components/rl_velocity_controller/policies) by extension 'python'
[0.162s] Level 1:colcon.colcon_core.package_identification:_identify(/home/ruby/trento_lab_home/ros_ws/src/locosim/robot_control/base_controllers/components/rl_velocity_controller/policies) by extensions ['python_setup_py']
[0.162s] Level 1:colcon.colcon_core.package_identification:_identify(/home/ruby/trento_lab_home/ros_ws/src/locosim/robot_control/base_controllers/components/rl_velocity_controller/policies) by extension 'python_setup_py'
[0.163s] Level 1:colcon.colcon_core.package_identification:_identify(/home/ruby/trento_lab_home/ros_ws/src/locosim/robot_control/base_controllers/components/rl_velocity_controller/policies/aliengo_state_est) by extensions ['ignore', 'ignore_ament_install']
[0.163s] Level 1:colcon.colcon_core.package_identification:_identify(/home/ruby/trento_lab_home/ros_ws/src/locosim/robot_control/base_controllers/components/rl_velocity_controller/policies/aliengo_state_est) by extension 'ignore'
[0.163s] Level 1:colcon.colcon_core.package_identification:_identify(/home/ruby/trento_lab_home/ros_ws/src/locosim/robot_control/base_controllers/components/rl_velocity_controller/policies/aliengo_state_est) by extension 'ignore_ament_install'
[0.163s] Level 1:colcon.colcon_core.package_identification:_identify(/home/ruby/trento_lab_home/ros_ws/src/locosim/robot_control/base_controllers/components/rl_velocity_controller/policies/aliengo_state_est) by extensions ['colcon_pkg']
[0.163s] Level 1:colcon.colcon_core.package_identification:_identify(/home/ruby/trento_lab_home/ros_ws/src/locosim/robot_control/base_controllers/components/rl_velocity_controller/policies/aliengo_state_est) by extension 'colcon_pkg'
[0.163s] Level 1:colcon.colcon_core.package_identification:_identify(/home/ruby/trento_lab_home/ros_ws/src/locosim/robot_control/base_controllers/components/rl_velocity_controller/policies/aliengo_state_est) by extensions ['colcon_meta']
[0.163s] Level 1:colcon.colcon_core.package_identification:_identify(/home/ruby/trento_lab_home/ros_ws/src/locosim/robot_control/base_controllers/components/rl_velocity_controller/policies/aliengo_state_est) by extension 'colcon_meta'
[0.163s] Level 1:colcon.colcon_core.package_identification:_identify(/home/ruby/trento_lab_home/ros_ws/src/locosim/robot_control/base_controllers/components/rl_velocity_controller/policies/aliengo_state_est) by extensions ['ros']
[0.163s] Level 1:colcon.colcon_core.package_identification:_identify(/home/ruby/trento_lab_home/ros_ws/src/locosim/robot_control/base_controllers/components/rl_velocity_controller/policies/aliengo_state_est) by extension 'ros'
[0.163s] Level 1:colcon.colcon_core.package_identification:_identify(/home/ruby/trento_lab_home/ros_ws/src/locosim/robot_control/base_controllers/components/rl_velocity_controller/policies/aliengo_state_est) by extensions ['cmake', 'python']
[0.163s] Level 1:colcon.colcon_core.package_identification:_identify(/home/ruby/trento_lab_home/ros_ws/src/locosim/robot_control/base_controllers/components/rl_velocity_controller/policies/aliengo_state_est) by extension 'cmake'
[0.163s] Level 1:colcon.colcon_core.package_identification:_identify(/home/ruby/trento_lab_home/ros_ws/src/locosim/robot_control/base_controllers/components/rl_velocity_controller/policies/aliengo_state_est) by extension 'python'
[0.163s] Level 1:colcon.colcon_core.package_identification:_identify(/home/ruby/trento_lab_home/ros_ws/src/locosim/robot_control/base_controllers/components/rl_velocity_controller/policies/aliengo_state_est) by extensions ['python_setup_py']
[0.163s] Level 1:colcon.colcon_core.package_identification:_identify(/home/ruby/trento_lab_home/ros_ws/src/locosim/robot_control/base_controllers/components/rl_velocity_controller/policies/aliengo_state_est) by extension 'python_setup_py'
[0.163s] Level 1:colcon.colcon_core.package_identification:_identify(/home/ruby/trento_lab_home/ros_ws/src/locosim/robot_control/base_controllers/components/rl_velocity_controller/policies/aliengo_state_est/exported) by extensions ['ignore', 'ignore_ament_install']
[0.163s] Level 1:colcon.colcon_core.package_identification:_identify(/home/ruby/trento_lab_home/ros_ws/src/locosim/robot_control/base_controllers/components/rl_velocity_controller/policies/aliengo_state_est/exported) by extension 'ignore'
[0.163s] Level 1:colcon.colcon_core.package_identification:_identify(/home/ruby/trento_lab_home/ros_ws/src/locosim/robot_control/base_controllers/components/rl_velocity_controller/policies/aliengo_state_est/exported) by extension 'ignore_ament_install'
[0.163s] Level 1:colcon.colcon_core.package_identification:_identify(/home/ruby/trento_lab_home/ros_ws/src/locosim/robot_control/base_controllers/components/rl_velocity_controller/policies/aliengo_state_est/exported) by extensions ['colcon_pkg']
[0.163s] Level 1:colcon.colcon_core.package_identification:_identify(/home/ruby/trento_lab_home/ros_ws/src/locosim/robot_control/base_controllers/components/rl_velocity_controller/policies/aliengo_state_est/exported) by extension 'colcon_pkg'
[0.163s] Level 1:colcon.colcon_core.package_identification:_identify(/home/ruby/trento_lab_home/ros_ws/src/locosim/robot_control/base_controllers/components/rl_velocity_controller/policies/aliengo_state_est/exported) by extensions ['colcon_meta']
[0.163s] Level 1:colcon.colcon_core.package_identification:_identify(/home/ruby/trento_lab_home/ros_ws/src/locosim/robot_control/base_controllers/components/rl_velocity_controller/policies/aliengo_state_est/exported) by extension 'colcon_meta'
[0.163s] Level 1:colcon.colcon_core.package_identification:_identify(/home/ruby/trento_lab_home/ros_ws/src/locosim/robot_control/base_controllers/components/rl_velocity_controller/policies/aliengo_state_est/exported) by extensions ['ros']
[0.163s] Level 1:colcon.colcon_core.package_identification:_identify(/home/ruby/trento_lab_home/ros_ws/src/locosim/robot_control/base_controllers/components/rl_velocity_controller/policies/aliengo_state_est/exported) by extension 'ros'
[0.163s] Level 1:colcon.colcon_core.package_identification:_identify(/home/ruby/trento_lab_home/ros_ws/src/locosim/robot_control/base_controllers/components/rl_velocity_controller/policies/aliengo_state_est/exported) by extensions ['cmake', 'python']
[0.163s] Level 1:colcon.colcon_core.package_identification:_identify(/home/ruby/trento_lab_home/ros_ws/src/locosim/robot_control/base_controllers/components/rl_velocity_controller/policies/aliengo_state_est/exported) by extension 'cmake'
[0.163s] Level 1:colcon.colcon_core.package_identification:_identify(/home/ruby/trento_lab_home/ros_ws/src/locosim/robot_control/base_controllers/components/rl_velocity_controller/policies/aliengo_state_est/exported) by extension 'python'
[0.163s] Level 1:colcon.colcon_core.package_identification:_identify(/home/ruby/trento_lab_home/ros_ws/src/locosim/robot_control/base_controllers/components/rl_velocity_controller/policies/aliengo_state_est/exported) by extensions ['python_setup_py']
[0.163s] Level 1:colcon.colcon_core.package_identification:_identify(/home/ruby/trento_lab_home/ros_ws/src/locosim/robot_control/base_controllers/components/rl_velocity_controller/policies/aliengo_state_est/exported) by extension 'python_setup_py'
[0.163s] Level 1:colcon.colcon_core.package_identification:_identify(/home/ruby/trento_lab_home/ros_ws/src/locosim/robot_control/base_controllers/components/rl_velocity_controller/policies/aliengo_state_est/params) by extensions ['ignore', 'ignore_ament_install']
[0.164s] Level 1:colcon.colcon_core.package_identification:_identify(/home/ruby/trento_lab_home/ros_ws/src/locosim/robot_control/base_controllers/components/rl_velocity_controller/policies/aliengo_state_est/params) by extension 'ignore'
[0.164s] Level 1:colcon.colcon_core.package_identification:_identify(/home/ruby/trento_lab_home/ros_ws/src/locosim/robot_control/base_controllers/components/rl_velocity_controller/policies/aliengo_state_est/params) by extension 'ignore_ament_install'
[0.164s] Level 1:colcon.colcon_core.package_identification:_identify(/home/ruby/trento_lab_home/ros_ws/src/locosim/robot_control/base_controllers/components/rl_velocity_controller/policies/aliengo_state_est/params) by extensions ['colcon_pkg']
[0.164s] Level 1:colcon.colcon_core.package_identification:_identify(/home/ruby/trento_lab_home/ros_ws/src/locosim/robot_control/base_controllers/components/rl_velocity_controller/policies/aliengo_state_est/params) by extension 'colcon_pkg'
[0.164s] Level 1:colcon.colcon_core.package_identification:_identify(/home/ruby/trento_lab_home/ros_ws/src/locosim/robot_control/base_controllers/components/rl_velocity_controller/policies/aliengo_state_est/params) by extensions ['colcon_meta']
[0.164s] Level 1:colcon.colcon_core.package_identification:_identify(/home/ruby/trento_lab_home/ros_ws/src/locosim/robot_control/base_controllers/components/rl_velocity_controller/policies/aliengo_state_est/params) by extension 'colcon_meta'
[0.164s] Level 1:colcon.colcon_core.package_identification:_identify(/home/ruby/trento_lab_home/ros_ws/src/locosim/robot_control/base_controllers/components/rl_velocity_controller/policies/aliengo_state_est/params) by extensions ['ros']
[0.164s] Level 1:colcon.colcon_core.package_identification:_identify(/home/ruby/trento_lab_home/ros_ws/src/locosim/robot_control/base_controllers/components/rl_velocity_controller/policies/aliengo_state_est/params) by extension 'ros'
[0.164s] Level 1:colcon.colcon_core.package_identification:_identify(/home/ruby/trento_lab_home/ros_ws/src/locosim/robot_control/base_controllers/components/rl_velocity_controller/policies/aliengo_state_est/params) by extensions ['cmake', 'python']
[0.164s] Level 1:colcon.colcon_core.package_identification:_identify(/home/ruby/trento_lab_home/ros_ws/src/locosim/robot_control/base_controllers/components/rl_velocity_controller/policies/aliengo_state_est/params) by extension 'cmake'
[0.164s] Level 1:colcon.colcon_core.package_identification:_identify(/home/ruby/trento_lab_home/ros_ws/src/locosim/robot_control/base_controllers/components/rl_velocity_controller/policies/aliengo_state_est/params) by extension 'python'
[0.164s] Level 1:colcon.colcon_core.package_identification:_identify(/home/ruby/trento_lab_home/ros_ws/src/locosim/robot_control/base_controllers/components/rl_velocity_controller/policies/aliengo_state_est/params) by extensions ['python_setup_py']
[0.164s] Level 1:colcon.colcon_core.package_identification:_identify(/home/ruby/trento_lab_home/ros_ws/src/locosim/robot_control/base_controllers/components/rl_velocity_controller/policies/aliengo_state_est/params) by extension 'python_setup_py'
[0.164s] Level 1:colcon.colcon_core.package_identification:_identify(/home/ruby/trento_lab_home/ros_ws/src/locosim/robot_control/base_controllers/jump_policy) by extensions ['ignore', 'ignore_ament_install']
[0.164s] Level 1:colcon.colcon_core.package_identification:_identify(/home/ruby/trento_lab_home/ros_ws/src/locosim/robot_control/base_controllers/jump_policy) by extension 'ignore'
[0.164s] Level 1:colcon.colcon_core.package_identification:_identify(/home/ruby/trento_lab_home/ros_ws/src/locosim/robot_control/base_controllers/jump_policy) by extension 'ignore_ament_install'
[0.164s] Level 1:colcon.colcon_core.package_identification:_identify(/home/ruby/trento_lab_home/ros_ws/src/locosim/robot_control/base_controllers/jump_policy) by extensions ['colcon_pkg']
[0.164s] Level 1:colcon.colcon_core.package_identification:_identify(/home/ruby/trento_lab_home/ros_ws/src/locosim/robot_control/base_controllers/jump_policy) by extension 'colcon_pkg'
[0.164s] Level 1:colcon.colcon_core.package_identification:_identify(/home/ruby/trento_lab_home/ros_ws/src/locosim/robot_control/base_controllers/jump_policy) by extensions ['colcon_meta']
[0.164s] Level 1:colcon.colcon_core.package_identification:_identify(/home/ruby/trento_lab_home/ros_ws/src/locosim/robot_control/base_controllers/jump_policy) by extension 'colcon_meta'
[0.164s] Level 1:colcon.colcon_core.package_identification:_identify(/home/ruby/trento_lab_home/ros_ws/src/locosim/robot_control/base_controllers/jump_policy) by extensions ['ros']
[0.164s] Level 1:colcon.colcon_core.package_identification:_identify(/home/ruby/trento_lab_home/ros_ws/src/locosim/robot_control/base_controllers/jump_policy) by extension 'ros'
[0.164s] Level 1:colcon.colcon_core.package_identification:_identify(/home/ruby/trento_lab_home/ros_ws/src/locosim/robot_control/base_controllers/jump_policy) by extensions ['cmake', 'python']
[0.164s] Level 1:colcon.colcon_core.package_identification:_identify(/home/ruby/trento_lab_home/ros_ws/src/locosim/robot_control/base_controllers/jump_policy) by extension 'cmake'
[0.164s] Level 1:colcon.colcon_core.package_identification:_identify(/home/ruby/trento_lab_home/ros_ws/src/locosim/robot_control/base_controllers/jump_policy) by extension 'python'
[0.164s] Level 1:colcon.colcon_core.package_identification:_identify(/home/ruby/trento_lab_home/ros_ws/src/locosim/robot_control/base_controllers/jump_policy) by extensions ['python_setup_py']
[0.164s] Level 1:colcon.colcon_core.package_identification:_identify(/home/ruby/trento_lab_home/ros_ws/src/locosim/robot_control/base_controllers/jump_policy) by extension 'python_setup_py'
[0.164s] Level 1:colcon.colcon_core.package_identification:_identify(/home/ruby/trento_lab_home/ros_ws/src/locosim/robot_control/base_controllers/jump_policy/__pycache__) by extensions ['ignore', 'ignore_ament_install']
[0.164s] Level 1:colcon.colcon_core.package_identification:_identify(/home/ruby/trento_lab_home/ros_ws/src/locosim/robot_control/base_controllers/jump_policy/__pycache__) by extension 'ignore'
[0.164s] Level 1:colcon.colcon_core.package_identification:_identify(/home/ruby/trento_lab_home/ros_ws/src/locosim/robot_control/base_controllers/jump_policy/__pycache__) by extension 'ignore_ament_install'
[0.165s] Level 1:colcon.colcon_core.package_identification:_identify(/home/ruby/trento_lab_home/ros_ws/src/locosim/robot_control/base_controllers/jump_policy/__pycache__) by extensions ['colcon_pkg']
[0.165s] Level 1:colcon.colcon_core.package_identification:_identify(/home/ruby/trento_lab_home/ros_ws/src/locosim/robot_control/base_controllers/jump_policy/__pycache__) by extension 'colcon_pkg'
[0.165s] Level 1:colcon.colcon_core.package_identification:_identify(/home/ruby/trento_lab_home/ros_ws/src/locosim/robot_control/base_controllers/jump_policy/__pycache__) by extensions ['colcon_meta']
[0.165s] Level 1:colcon.colcon_core.package_identification:_identify(/home/ruby/trento_lab_home/ros_ws/src/locosim/robot_control/base_controllers/jump_policy/__pycache__) by extension 'colcon_meta'
[0.165s] Level 1:colcon.colcon_core.package_identification:_identify(/home/ruby/trento_lab_home/ros_ws/src/locosim/robot_control/base_controllers/jump_policy/__pycache__) by extensions ['ros']
[0.165s] Level 1:colcon.colcon_core.package_identification:_identify(/home/ruby/trento_lab_home/ros_ws/src/locosim/robot_control/base_controllers/jump_policy/__pycache__) by extension 'ros'
[0.165s] Level 1:colcon.colcon_core.package_identification:_identify(/home/ruby/trento_lab_home/ros_ws/src/locosim/robot_control/base_controllers/jump_policy/__pycache__) by extensions ['cmake', 'python']
[0.165s] Level 1:colcon.colcon_core.package_identification:_identify(/home/ruby/trento_lab_home/ros_ws/src/locosim/robot_control/base_controllers/jump_policy/__pycache__) by extension 'cmake'
[0.165s] Level 1:colcon.colcon_core.package_identification:_identify(/home/ruby/trento_lab_home/ros_ws/src/locosim/robot_control/base_controllers/jump_policy/__pycache__) by extension 'python'
[0.165s] Level 1:colcon.colcon_core.package_identification:_identify(/home/ruby/trento_lab_home/ros_ws/src/locosim/robot_control/base_controllers/jump_policy/__pycache__) by extensions ['python_setup_py']
[0.165s] Level 1:colcon.colcon_core.package_identification:_identify(/home/ruby/trento_lab_home/ros_ws/src/locosim/robot_control/base_controllers/jump_policy/__pycache__) by extension 'python_setup_py'
[0.165s] Level 1:colcon.colcon_core.package_identification:_identify(/home/ruby/trento_lab_home/ros_ws/src/locosim/robot_control/base_controllers/log) by extensions ['ignore', 'ignore_ament_install']
[0.165s] Level 1:colcon.colcon_core.package_identification:_identify(/home/ruby/trento_lab_home/ros_ws/src/locosim/robot_control/base_controllers/log) by extension 'ignore'
[0.165s] Level 1:colcon.colcon_core.package_identification:_identify(/home/ruby/trento_lab_home/ros_ws/src/locosim/robot_control/base_controllers/log) ignored
[0.165s] Level 1:colcon.colcon_core.package_identification:_identify(/home/ruby/trento_lab_home/ros_ws/src/locosim/robot_control/base_controllers/tracked_robot) by extensions ['ignore', 'ignore_ament_install']
[0.165s] Level 1:colcon.colcon_core.package_identification:_identify(/home/ruby/trento_lab_home/ros_ws/src/locosim/robot_control/base_controllers/tracked_robot) by extension 'ignore'
[0.165s] Level 1:colcon.colcon_core.package_identification:_identify(/home/ruby/trento_lab_home/ros_ws/src/locosim/robot_control/base_controllers/tracked_robot) by extension 'ignore_ament_install'
[0.165s] Level 1:colcon.colcon_core.package_identification:_identify(/home/ruby/trento_lab_home/ros_ws/src/locosim/robot_control/base_controllers/tracked_robot) by extensions ['colcon_pkg']
[0.165s] Level 1:colcon.colcon_core.package_identification:_identify(/home/ruby/trento_lab_home/ros_ws/src/locosim/robot_control/base_controllers/tracked_robot) by extension 'colcon_pkg'
[0.165s] Level 1:colcon.colcon_core.package_identification:_identify(/home/ruby/trento_lab_home/ros_ws/src/locosim/robot_control/base_controllers/tracked_robot) by extensions ['colcon_meta']
[0.165s] Level 1:colcon.colcon_core.package_identification:_identify(/home/ruby/trento_lab_home/ros_ws/src/locosim/robot_control/base_controllers/tracked_robot) by extension 'colcon_meta'
[0.165s] Level 1:colcon.colcon_core.package_identification:_identify(/home/ruby/trento_lab_home/ros_ws/src/locosim/robot_control/base_controllers/tracked_robot) by extensions ['ros']
[0.165s] Level 1:colcon.colcon_core.package_identification:_identify(/home/ruby/trento_lab_home/ros_ws/src/locosim/robot_control/base_controllers/tracked_robot) by extension 'ros'
[0.165s] Level 1:colcon.colcon_core.package_identification:_identify(/home/ruby/trento_lab_home/ros_ws/src/locosim/robot_control/base_controllers/tracked_robot) by extensions ['cmake', 'python']
[0.165s] Level 1:colcon.colcon_core.package_identification:_identify(/home/ruby/trento_lab_home/ros_ws/src/locosim/robot_control/base_controllers/tracked_robot) by extension 'cmake'
[0.165s] Level 1:colcon.colcon_core.package_identification:_identify(/home/ruby/trento_lab_home/ros_ws/src/locosim/robot_control/base_controllers/tracked_robot) by extension 'python'
[0.165s] Level 1:colcon.colcon_core.package_identification:_identify(/home/ruby/trento_lab_home/ros_ws/src/locosim/robot_control/base_controllers/tracked_robot) by extensions ['python_setup_py']
[0.165s] Level 1:colcon.colcon_core.package_identification:_identify(/home/ruby/trento_lab_home/ros_ws/src/locosim/robot_control/base_controllers/tracked_robot) by extension 'python_setup_py'
[0.165s] Level 1:colcon.colcon_core.package_identification:_identify(/home/ruby/trento_lab_home/ros_ws/src/locosim/robot_control/base_controllers/tracked_robot/controllers) by extensions ['ignore', 'ignore_ament_install']
[0.165s] Level 1:colcon.colcon_core.package_identification:_identify(/home/ruby/trento_lab_home/ros_ws/src/locosim/robot_control/base_controllers/tracked_robot/controllers) by extension 'ignore'
[0.166s] Level 1:colcon.colcon_core.package_identification:_identify(/home/ruby/trento_lab_home/ros_ws/src/locosim/robot_control/base_controllers/tracked_robot/controllers) by extension 'ignore_ament_install'
[0.166s] Level 1:colcon.colcon_core.package_identification:_identify(/home/ruby/trento_lab_home/ros_ws/src/locosim/robot_control/base_controllers/tracked_robot/controllers) by extensions ['colcon_pkg']
[0.166s] Level 1:colcon.colcon_core.package_identification:_identify(/home/ruby/trento_lab_home/ros_ws/src/locosim/robot_control/base_controllers/tracked_robot/controllers) by extension 'colcon_pkg'
[0.166s] Level 1:colcon.colcon_core.package_identification:_identify(/home/ruby/trento_lab_home/ros_ws/src/locosim/robot_control/base_controllers/tracked_robot/controllers) by extensions ['colcon_meta']
[0.166s] Level 1:colcon.colcon_core.package_identification:_identify(/home/ruby/trento_lab_home/ros_ws/src/locosim/robot_control/base_controllers/tracked_robot/controllers) by extension 'colcon_meta'
[0.166s] Level 1:colcon.colcon_core.package_identification:_identify(/home/ruby/trento_lab_home/ros_ws/src/locosim/robot_control/base_controllers/tracked_robot/controllers) by extensions ['ros']
[0.166s] Level 1:colcon.colcon_core.package_identification:_identify(/home/ruby/trento_lab_home/ros_ws/src/locosim/robot_control/base_controllers/tracked_robot/controllers) by extension 'ros'
[0.166s] Level 1:colcon.colcon_core.package_identification:_identify(/home/ruby/trento_lab_home/ros_ws/src/locosim/robot_control/base_controllers/tracked_robot/controllers) by extensions ['cmake', 'python']
[0.166s] Level 1:colcon.colcon_core.package_identification:_identify(/home/ruby/trento_lab_home/ros_ws/src/locosim/robot_control/base_controllers/tracked_robot/controllers) by extension 'cmake'
[0.166s] Level 1:colcon.colcon_core.package_identification:_identify(/home/ruby/trento_lab_home/ros_ws/src/locosim/robot_control/base_controllers/tracked_robot/controllers) by extension 'python'
[0.166s] Level 1:colcon.colcon_core.package_identification:_identify(/home/ruby/trento_lab_home/ros_ws/src/locosim/robot_control/base_controllers/tracked_robot/controllers) by extensions ['python_setup_py']
[0.166s] Level 1:colcon.colcon_core.package_identification:_identify(/home/ruby/trento_lab_home/ros_ws/src/locosim/robot_control/base_controllers/tracked_robot/controllers) by extension 'python_setup_py'
[0.166s] Level 1:colcon.colcon_core.package_identification:_identify(/home/ruby/trento_lab_home/ros_ws/src/locosim/robot_control/base_controllers/tracked_robot/dubins_optimization) by extensions ['ignore', 'ignore_ament_install']
[0.166s] Level 1:colcon.colcon_core.package_identification:_identify(/home/ruby/trento_lab_home/ros_ws/src/locosim/robot_control/base_controllers/tracked_robot/dubins_optimization) by extension 'ignore'
[0.166s] Level 1:colcon.colcon_core.package_identification:_identify(/home/ruby/trento_lab_home/ros_ws/src/locosim/robot_control/base_controllers/tracked_robot/dubins_optimization) by extension 'ignore_ament_install'
[0.166s] Level 1:colcon.colcon_core.package_identification:_identify(/home/ruby/trento_lab_home/ros_ws/src/locosim/robot_control/base_controllers/tracked_robot/dubins_optimization) by extensions ['colcon_pkg']
[0.166s] Level 1:colcon.colcon_core.package_identification:_identify(/home/ruby/trento_lab_home/ros_ws/src/locosim/robot_control/base_controllers/tracked_robot/dubins_optimization) by extension 'colcon_pkg'
[0.166s] Level 1:colcon.colcon_core.package_identification:_identify(/home/ruby/trento_lab_home/ros_ws/src/locosim/robot_control/base_controllers/tracked_robot/dubins_optimization) by extensions ['colcon_meta']
[0.166s] Level 1:colcon.colcon_core.package_identification:_identify(/home/ruby/trento_lab_home/ros_ws/src/locosim/robot_control/base_controllers/tracked_robot/dubins_optimization) by extension 'colcon_meta'
[0.166s] Level 1:colcon.colcon_core.package_identification:_identify(/home/ruby/trento_lab_home/ros_ws/src/locosim/robot_control/base_controllers/tracked_robot/dubins_optimization) by extensions ['ros']
[0.166s] Level 1:colcon.colcon_core.package_identification:_identify(/home/ruby/trento_lab_home/ros_ws/src/locosim/robot_control/base_controllers/tracked_robot/dubins_optimization) by extension 'ros'
[0.166s] Level 1:colcon.colcon_core.package_identification:_identify(/home/ruby/trento_lab_home/ros_ws/src/locosim/robot_control/base_controllers/tracked_robot/dubins_optimization) by extensions ['cmake', 'python']
[0.166s] Level 1:colcon.colcon_core.package_identification:_identify(/home/ruby/trento_lab_home/ros_ws/src/locosim/robot_control/base_controllers/tracked_robot/dubins_optimization) by extension 'cmake'
[0.166s] Level 1:colcon.colcon_core.package_identification:_identify(/home/ruby/trento_lab_home/ros_ws/src/locosim/robot_control/base_controllers/tracked_robot/dubins_optimization) by extension 'python'
[0.166s] Level 1:colcon.colcon_core.package_identification:_identify(/home/ruby/trento_lab_home/ros_ws/src/locosim/robot_control/base_controllers/tracked_robot/dubins_optimization) by extensions ['python_setup_py']
[0.166s] Level 1:colcon.colcon_core.package_identification:_identify(/home/ruby/trento_lab_home/ros_ws/src/locosim/robot_control/base_controllers/tracked_robot/dubins_optimization) by extension 'python_setup_py'
[0.166s] Level 1:colcon.colcon_core.package_identification:_identify(/home/ruby/trento_lab_home/ros_ws/src/locosim/robot_control/base_controllers/tracked_robot/dubins_optimization/matlabNN) by extensions ['ignore', 'ignore_ament_install']
[0.166s] Level 1:colcon.colcon_core.package_identification:_identify(/home/ruby/trento_lab_home/ros_ws/src/locosim/robot_control/base_controllers/tracked_robot/dubins_optimization/matlabNN) by extension 'ignore'
[0.166s] Level 1:colcon.colcon_core.package_identification:_identify(/home/ruby/trento_lab_home/ros_ws/src/locosim/robot_control/base_controllers/tracked_robot/dubins_optimization/matlabNN) by extension 'ignore_ament_install'
[0.166s] Level 1:colcon.colcon_core.package_identification:_identify(/home/ruby/trento_lab_home/ros_ws/src/locosim/robot_control/base_controllers/tracked_robot/dubins_optimization/matlabNN) by extensions ['colcon_pkg']
[0.166s] Level 1:colcon.colcon_core.package_identification:_identify(/home/ruby/trento_lab_home/ros_ws/src/locosim/robot_control/base_controllers/tracked_robot/dubins_optimization/matlabNN) by extension 'colcon_pkg'
[0.166s] Level 1:colcon.colcon_core.package_identification:_identify(/home/ruby/trento_lab_home/ros_ws/src/locosim/robot_control/base_controllers/tracked_robot/dubins_optimization/matlabNN) by extensions ['colcon_meta']
[0.166s] Level 1:colcon.colcon_core.package_identification:_identify(/home/ruby/trento_lab_home/ros_ws/src/locosim/robot_control/base_controllers/tracked_robot/dubins_optimization/matlabNN) by extension 'colcon_meta'
[0.166s] Level 1:colcon.colcon_core.package_identification:_identify(/home/ruby/trento_lab_home/ros_ws/src/locosim/robot_control/base_controllers/tracked_robot/dubins_optimization/matlabNN) by extensions ['ros']
[0.166s] Level 1:colcon.colcon_core.package_identification:_identify(/home/ruby/trento_lab_home/ros_ws/src/locosim/robot_control/base_controllers/tracked_robot/dubins_optimization/matlabNN) by extension 'ros'
[0.167s] Level 1:colcon.colcon_core.package_identification:_identify(/home/ruby/trento_lab_home/ros_ws/src/locosim/robot_control/base_controllers/tracked_robot/dubins_optimization/matlabNN) by extensions ['cmake', 'python']
[0.167s] Level 1:colcon.colcon_core.package_identification:_identify(/home/ruby/trento_lab_home/ros_ws/src/locosim/robot_control/base_controllers/tracked_robot/dubins_optimization/matlabNN) by extension 'cmake'
[0.167s] Level 1:colcon.colcon_core.package_identification:_identify(/home/ruby/trento_lab_home/ros_ws/src/locosim/robot_control/base_controllers/tracked_robot/dubins_optimization/matlabNN) by extension 'python'
[0.167s] Level 1:colcon.colcon_core.package_identification:_identify(/home/ruby/trento_lab_home/ros_ws/src/locosim/robot_control/base_controllers/tracked_robot/dubins_optimization/matlabNN) by extensions ['python_setup_py']
[0.167s] Level 1:colcon.colcon_core.package_identification:_identify(/home/ruby/trento_lab_home/ros_ws/src/locosim/robot_control/base_controllers/tracked_robot/dubins_optimization/matlabNN) by extension 'python_setup_py'
[0.167s] Level 1:colcon.colcon_core.package_identification:_identify(/home/ruby/trento_lab_home/ros_ws/src/locosim/robot_control/base_controllers/tracked_robot/dubins_optimization/matlabNN/friction_0.1) by extensions ['ignore', 'ignore_ament_install']
[0.167s] Level 1:colcon.colcon_core.package_identification:_identify(/home/ruby/trento_lab_home/ros_ws/src/locosim/robot_control/base_controllers/tracked_robot/dubins_optimization/matlabNN/friction_0.1) by extension 'ignore'
[0.167s] Level 1:colcon.colcon_core.package_identification:_identify(/home/ruby/trento_lab_home/ros_ws/src/locosim/robot_control/base_controllers/tracked_robot/dubins_optimization/matlabNN/friction_0.1) by extension 'ignore_ament_install'
[0.167s] Level 1:colcon.colcon_core.package_identification:_identify(/home/ruby/trento_lab_home/ros_ws/src/locosim/robot_control/base_controllers/tracked_robot/dubins_optimization/matlabNN/friction_0.1) by extensions ['colcon_pkg']
[0.167s] Level 1:colcon.colcon_core.package_identification:_identify(/home/ruby/trento_lab_home/ros_ws/src/locosim/robot_control/base_controllers/tracked_robot/dubins_optimization/matlabNN/friction_0.1) by extension 'colcon_pkg'
[0.167s] Level 1:colcon.colcon_core.package_identification:_identify(/home/ruby/trento_lab_home/ros_ws/src/locosim/robot_control/base_controllers/tracked_robot/dubins_optimization/matlabNN/friction_0.1) by extensions ['colcon_meta']
[0.167s] Level 1:colcon.colcon_core.package_identification:_identify(/home/ruby/trento_lab_home/ros_ws/src/locosim/robot_control/base_controllers/tracked_robot/dubins_optimization/matlabNN/friction_0.1) by extension 'colcon_meta'
[0.167s] Level 1:colcon.colcon_core.package_identification:_identify(/home/ruby/trento_lab_home/ros_ws/src/locosim/robot_control/base_controllers/tracked_robot/dubins_optimization/matlabNN/friction_0.1) by extensions ['ros']
[0.167s] Level 1:colcon.colcon_core.package_identification:_identify(/home/ruby/trento_lab_home/ros_ws/src/locosim/robot_control/base_controllers/tracked_robot/dubins_optimization/matlabNN/friction_0.1) by extension 'ros'
[0.167s] Level 1:colcon.colcon_core.package_identification:_identify(/home/ruby/trento_lab_home/ros_ws/src/locosim/robot_control/base_controllers/tracked_robot/dubins_optimization/matlabNN/friction_0.1) by extensions ['cmake', 'python']
[0.167s] Level 1:colcon.colcon_core.package_identification:_identify(/home/ruby/trento_lab_home/ros_ws/src/locosim/robot_control/base_controllers/tracked_robot/dubins_optimization/matlabNN/friction_0.1) by extension 'cmake'
[0.167s] Level 1:colcon.colcon_core.package_identification:_identify(/home/ruby/trento_lab_home/ros_ws/src/locosim/robot_control/base_controllers/tracked_robot/dubins_optimization/matlabNN/friction_0.1) by extension 'python'
[0.167s] Level 1:colcon.colcon_core.package_identification:_identify(/home/ruby/trento_lab_home/ros_ws/src/locosim/robot_control/base_controllers/tracked_robot/dubins_optimization/matlabNN/friction_0.1) by extensions ['python_setup_py']
[0.167s] Level 1:colcon.colcon_core.package_identification:_identify(/home/ruby/trento_lab_home/ros_ws/src/locosim/robot_control/base_controllers/tracked_robot/dubins_optimization/matlabNN/friction_0.1) by extension 'python_setup_py'
[0.167s] Level 1:colcon.colcon_core.package_identification:_identify(/home/ruby/trento_lab_home/ros_ws/src/locosim/robot_control/base_controllers/tracked_robot/dubins_optimization/matlabNN/friction_0.4) by extensions ['ignore', 'ignore_ament_install']
[0.167s] Level 1:colcon.colcon_core.package_identification:_identify(/home/ruby/trento_lab_home/ros_ws/src/locosim/robot_control/base_controllers/tracked_robot/dubins_optimization/matlabNN/friction_0.4) by extension 'ignore'
[0.167s] Level 1:colcon.colcon_core.package_identification:_identify(/home/ruby/trento_lab_home/ros_ws/src/locosim/robot_control/base_controllers/tracked_robot/dubins_optimization/matlabNN/friction_0.4) by extension 'ignore_ament_install'
[0.167s] Level 1:colcon.colcon_core.package_identification:_identify(/home/ruby/trento_lab_home/ros_ws/src/locosim/robot_control/base_controllers/tracked_robot/dubins_optimization/matlabNN/friction_0.4) by extensions ['colcon_pkg']
[0.167s] Level 1:colcon.colcon_core.package_identification:_identify(/home/ruby/trento_lab_home/ros_ws/src/locosim/robot_control/base_controllers/tracked_robot/dubins_optimization/matlabNN/friction_0.4) by extension 'colcon_pkg'
[0.167s] Level 1:colcon.colcon_core.package_identification:_identify(/home/ruby/trento_lab_home/ros_ws/src/locosim/robot_control/base_controllers/tracked_robot/dubins_optimization/matlabNN/friction_0.4) by extensions ['colcon_meta']
[0.167s] Level 1:colcon.colcon_core.package_identification:_identify(/home/ruby/trento_lab_home/ros_ws/src/locosim/robot_control/base_controllers/tracked_robot/dubins_optimization/matlabNN/friction_0.4) by extension 'colcon_meta'
[0.167s] Level 1:colcon.colcon_core.package_identification:_identify(/home/ruby/trento_lab_home/ros_ws/src/locosim/robot_control/base_controllers/tracked_robot/dubins_optimization/matlabNN/friction_0.4) by extensions ['ros']
[0.167s] Level 1:colcon.colcon_core.package_identification:_identify(/home/ruby/trento_lab_home/ros_ws/src/locosim/robot_control/base_controllers/tracked_robot/dubins_optimization/matlabNN/friction_0.4) by extension 'ros'
[0.167s] Level 1:colcon.colcon_core.package_identification:_identify(/home/ruby/trento_lab_home/ros_ws/src/locosim/robot_control/base_controllers/tracked_robot/dubins_optimization/matlabNN/friction_0.4) by extensions ['cmake', 'python']
[0.167s] Level 1:colcon.colcon_core.package_identification:_identify(/home/ruby/trento_lab_home/ros_ws/src/locosim/robot_control/base_controllers/tracked_robot/dubins_optimization/matlabNN/friction_0.4) by extension 'cmake'
[0.167s] Level 1:colcon.colcon_core.package_identification:_identify(/home/ruby/trento_lab_home/ros_ws/src/locosim/robot_control/base_controllers/tracked_robot/dubins_optimization/matlabNN/friction_0.4) by extension 'python'
[0.167s] Level 1:colcon.colcon_core.package_identification:_identify(/home/ruby/trento_lab_home/ros_ws/src/locosim/robot_control/base_controllers/tracked_robot/dubins_optimization/matlabNN/friction_0.4) by extensions ['python_setup_py']
[0.167s] Level 1:colcon.colcon_core.package_identification:_identify(/home/ruby/trento_lab_home/ros_ws/src/locosim/robot_control/base_controllers/tracked_robot/dubins_optimization/matlabNN/friction_0.4) by extension 'python_setup_py'
[0.168s] Level 1:colcon.colcon_core.package_identification:_identify(/home/ruby/trento_lab_home/ros_ws/src/locosim/robot_control/base_controllers/tracked_robot/dubins_optimization/optim_interfaces) by extensions ['ignore', 'ignore_ament_install']
[0.168s] Level 1:colcon.colcon_core.package_identification:_identify(/home/ruby/trento_lab_home/ros_ws/src/locosim/robot_control/base_controllers/tracked_robot/dubins_optimization/optim_interfaces) by extension 'ignore'
[0.168s] Level 1:colcon.colcon_core.package_identification:_identify(/home/ruby/trento_lab_home/ros_ws/src/locosim/robot_control/base_controllers/tracked_robot/dubins_optimization/optim_interfaces) by extension 'ignore_ament_install'
[0.168s] Level 1:colcon.colcon_core.package_identification:_identify(/home/ruby/trento_lab_home/ros_ws/src/locosim/robot_control/base_controllers/tracked_robot/dubins_optimization/optim_interfaces) by extensions ['colcon_pkg']
[0.168s] Level 1:colcon.colcon_core.package_identification:_identify(/home/ruby/trento_lab_home/ros_ws/src/locosim/robot_control/base_controllers/tracked_robot/dubins_optimization/optim_interfaces) by extension 'colcon_pkg'
[0.168s] Level 1:colcon.colcon_core.package_identification:_identify(/home/ruby/trento_lab_home/ros_ws/src/locosim/robot_control/base_controllers/tracked_robot/dubins_optimization/optim_interfaces) by extensions ['colcon_meta']
[0.168s] Level 1:colcon.colcon_core.package_identification:_identify(/home/ruby/trento_lab_home/ros_ws/src/locosim/robot_control/base_controllers/tracked_robot/dubins_optimization/optim_interfaces) by extension 'colcon_meta'
[0.168s] Level 1:colcon.colcon_core.package_identification:_identify(/home/ruby/trento_lab_home/ros_ws/src/locosim/robot_control/base_controllers/tracked_robot/dubins_optimization/optim_interfaces) by extensions ['ros']
[0.168s] Level 1:colcon.colcon_core.package_identification:_identify(/home/ruby/trento_lab_home/ros_ws/src/locosim/robot_control/base_controllers/tracked_robot/dubins_optimization/optim_interfaces) by extension 'ros'
[0.170s] DEBUG:colcon.colcon_core.package_identification:Package '/home/ruby/trento_lab_home/ros_ws/src/locosim/robot_control/base_controllers/tracked_robot/dubins_optimization/optim_interfaces' with type 'ros.catkin' and name 'optim_interfaces'
[0.170s] Level 1:colcon.colcon_core.package_identification:_identify(/home/ruby/trento_lab_home/ros_ws/src/locosim/robot_control/base_controllers/tracked_robot/dubins_optimization/ros) by extensions ['ignore', 'ignore_ament_install']
[0.170s] Level 1:colcon.colcon_core.package_identification:_identify(/home/ruby/trento_lab_home/ros_ws/src/locosim/robot_control/base_controllers/tracked_robot/dubins_optimization/ros) by extension 'ignore'
[0.170s] Level 1:colcon.colcon_core.package_identification:_identify(/home/ruby/trento_lab_home/ros_ws/src/locosim/robot_control/base_controllers/tracked_robot/dubins_optimization/ros) by extension 'ignore_ament_install'
[0.170s] Level 1:colcon.colcon_core.package_identification:_identify(/home/ruby/trento_lab_home/ros_ws/src/locosim/robot_control/base_controllers/tracked_robot/dubins_optimization/ros) by extensions ['colcon_pkg']
[0.170s] Level 1:colcon.colcon_core.package_identification:_identify(/home/ruby/trento_lab_home/ros_ws/src/locosim/robot_control/base_controllers/tracked_robot/dubins_optimization/ros) by extension 'colcon_pkg'
[0.170s] Level 1:colcon.colcon_core.package_identification:_identify(/home/ruby/trento_lab_home/ros_ws/src/locosim/robot_control/base_controllers/tracked_robot/dubins_optimization/ros) by extensions ['colcon_meta']
[0.170s] Level 1:colcon.colcon_core.package_identification:_identify(/home/ruby/trento_lab_home/ros_ws/src/locosim/robot_control/base_controllers/tracked_robot/dubins_optimization/ros) by extension 'colcon_meta'
[0.170s] Level 1:colcon.colcon_core.package_identification:_identify(/home/ruby/trento_lab_home/ros_ws/src/locosim/robot_control/base_controllers/tracked_robot/dubins_optimization/ros) by extensions ['ros']
[0.170s] Level 1:colcon.colcon_core.package_identification:_identify(/home/ruby/trento_lab_home/ros_ws/src/locosim/robot_control/base_controllers/tracked_robot/dubins_optimization/ros) by extension 'ros'
[0.170s] Level 1:colcon.colcon_core.package_identification:_identify(/home/ruby/trento_lab_home/ros_ws/src/locosim/robot_control/base_controllers/tracked_robot/dubins_optimization/ros) by extensions ['cmake', 'python']
[0.170s] Level 1:colcon.colcon_core.package_identification:_identify(/home/ruby/trento_lab_home/ros_ws/src/locosim/robot_control/base_controllers/tracked_robot/dubins_optimization/ros) by extension 'cmake'
[0.170s] Level 1:colcon.colcon_core.package_identification:_identify(/home/ruby/trento_lab_home/ros_ws/src/locosim/robot_control/base_controllers/tracked_robot/dubins_optimization/ros) by extension 'python'
[0.170s] Level 1:colcon.colcon_core.package_identification:_identify(/home/ruby/trento_lab_home/ros_ws/src/locosim/robot_control/base_controllers/tracked_robot/dubins_optimization/ros) by extensions ['python_setup_py']
[0.170s] Level 1:colcon.colcon_core.package_identification:_identify(/home/ruby/trento_lab_home/ros_ws/src/locosim/robot_control/base_controllers/tracked_robot/dubins_optimization/ros) by extension 'python_setup_py'
[0.170s] Level 1:colcon.colcon_core.package_identification:_identify(/home/ruby/trento_lab_home/ros_ws/src/locosim/robot_control/base_controllers/tracked_robot/dubins_optimization/tests) by extensions ['ignore', 'ignore_ament_install']
[0.170s] Level 1:colcon.colcon_core.package_identification:_identify(/home/ruby/trento_lab_home/ros_ws/src/locosim/robot_control/base_controllers/tracked_robot/dubins_optimization/tests) by extension 'ignore'
[0.170s] Level 1:colcon.colcon_core.package_identification:_identify(/home/ruby/trento_lab_home/ros_ws/src/locosim/robot_control/base_controllers/tracked_robot/dubins_optimization/tests) by extension 'ignore_ament_install'
[0.170s] Level 1:colcon.colcon_core.package_identification:_identify(/home/ruby/trento_lab_home/ros_ws/src/locosim/robot_control/base_controllers/tracked_robot/dubins_optimization/tests) by extensions ['colcon_pkg']
[0.170s] Level 1:colcon.colcon_core.package_identification:_identify(/home/ruby/trento_lab_home/ros_ws/src/locosim/robot_control/base_controllers/tracked_robot/dubins_optimization/tests) by extension 'colcon_pkg'
[0.170s] Level 1:colcon.colcon_core.package_identification:_identify(/home/ruby/trento_lab_home/ros_ws/src/locosim/robot_control/base_controllers/tracked_robot/dubins_optimization/tests) by extensions ['colcon_meta']
[0.170s] Level 1:colcon.colcon_core.package_identification:_identify(/home/ruby/trento_lab_home/ros_ws/src/locosim/robot_control/base_controllers/tracked_robot/dubins_optimization/tests) by extension 'colcon_meta'
[0.170s] Level 1:colcon.colcon_core.package_identification:_identify(/home/ruby/trento_lab_home/ros_ws/src/locosim/robot_control/base_controllers/tracked_robot/dubins_optimization/tests) by extensions ['ros']
[0.170s] Level 1:colcon.colcon_core.package_identification:_identify(/home/ruby/trento_lab_home/ros_ws/src/locosim/robot_control/base_controllers/tracked_robot/dubins_optimization/tests) by extension 'ros'
[0.170s] Level 1:colcon.colcon_core.package_identification:_identify(/home/ruby/trento_lab_home/ros_ws/src/locosim/robot_control/base_controllers/tracked_robot/dubins_optimization/tests) by extensions ['cmake', 'python']
[0.170s] Level 1:colcon.colcon_core.package_identification:_identify(/home/ruby/trento_lab_home/ros_ws/src/locosim/robot_control/base_controllers/tracked_robot/dubins_optimization/tests) by extension 'cmake'
[0.171s] Level 1:colcon.colcon_core.package_identification:_identify(/home/ruby/trento_lab_home/ros_ws/src/locosim/robot_control/base_controllers/tracked_robot/dubins_optimization/tests) by extension 'python'
[0.171s] Level 1:colcon.colcon_core.package_identification:_identify(/home/ruby/trento_lab_home/ros_ws/src/locosim/robot_control/base_controllers/tracked_robot/dubins_optimization/tests) by extensions ['python_setup_py']
[0.171s] Level 1:colcon.colcon_core.package_identification:_identify(/home/ruby/trento_lab_home/ros_ws/src/locosim/robot_control/base_controllers/tracked_robot/dubins_optimization/tests) by extension 'python_setup_py'
[0.171s] Level 1:colcon.colcon_core.package_identification:_identify(/home/ruby/trento_lab_home/ros_ws/src/locosim/robot_control/base_controllers/tracked_robot/environment) by extensions ['ignore', 'ignore_ament_install']
[0.171s] Level 1:colcon.colcon_core.package_identification:_identify(/home/ruby/trento_lab_home/ros_ws/src/locosim/robot_control/base_controllers/tracked_robot/environment) by extension 'ignore'
[0.171s] Level 1:colcon.colcon_core.package_identification:_identify(/home/ruby/trento_lab_home/ros_ws/src/locosim/robot_control/base_controllers/tracked_robot/environment) by extension 'ignore_ament_install'
[0.171s] Level 1:colcon.colcon_core.package_identification:_identify(/home/ruby/trento_lab_home/ros_ws/src/locosim/robot_control/base_controllers/tracked_robot/environment) by extensions ['colcon_pkg']
[0.171s] Level 1:colcon.colcon_core.package_identification:_identify(/home/ruby/trento_lab_home/ros_ws/src/locosim/robot_control/base_controllers/tracked_robot/environment) by extension 'colcon_pkg'
[0.171s] Level 1:colcon.colcon_core.package_identification:_identify(/home/ruby/trento_lab_home/ros_ws/src/locosim/robot_control/base_controllers/tracked_robot/environment) by extensions ['colcon_meta']
[0.171s] Level 1:colcon.colcon_core.package_identification:_identify(/home/ruby/trento_lab_home/ros_ws/src/locosim/robot_control/base_controllers/tracked_robot/environment) by extension 'colcon_meta'
[0.171s] Level 1:colcon.colcon_core.package_identification:_identify(/home/ruby/trento_lab_home/ros_ws/src/locosim/robot_control/base_controllers/tracked_robot/environment) by extensions ['ros']
[0.171s] Level 1:colcon.colcon_core.package_identification:_identify(/home/ruby/trento_lab_home/ros_ws/src/locosim/robot_control/base_controllers/tracked_robot/environment) by extension 'ros'
[0.171s] Level 1:colcon.colcon_core.package_identification:_identify(/home/ruby/trento_lab_home/ros_ws/src/locosim/robot_control/base_controllers/tracked_robot/environment) by extensions ['cmake', 'python']
[0.171s] Level 1:colcon.colcon_core.package_identification:_identify(/home/ruby/trento_lab_home/ros_ws/src/locosim/robot_control/base_controllers/tracked_robot/environment) by extension 'cmake'
[0.171s] Level 1:colcon.colcon_core.package_identification:_identify(/home/ruby/trento_lab_home/ros_ws/src/locosim/robot_control/base_controllers/tracked_robot/environment) by extension 'python'
[0.171s] Level 1:colcon.colcon_core.package_identification:_identify(/home/ruby/trento_lab_home/ros_ws/src/locosim/robot_control/base_controllers/tracked_robot/environment) by extensions ['python_setup_py']
[0.171s] Level 1:colcon.colcon_core.package_identification:_identify(/home/ruby/trento_lab_home/ros_ws/src/locosim/robot_control/base_controllers/tracked_robot/environment) by extension 'python_setup_py'
[0.171s] Level 1:colcon.colcon_core.package_identification:_identify(/home/ruby/trento_lab_home/ros_ws/src/locosim/robot_control/base_controllers/tracked_robot/models) by extensions ['ignore', 'ignore_ament_install']
[0.171s] Level 1:colcon.colcon_core.package_identification:_identify(/home/ruby/trento_lab_home/ros_ws/src/locosim/robot_control/base_controllers/tracked_robot/models) by extension 'ignore'
[0.171s] Level 1:colcon.colcon_core.package_identification:_identify(/home/ruby/trento_lab_home/ros_ws/src/locosim/robot_control/base_controllers/tracked_robot/models) by extension 'ignore_ament_install'
[0.171s] Level 1:colcon.colcon_core.package_identification:_identify(/home/ruby/trento_lab_home/ros_ws/src/locosim/robot_control/base_controllers/tracked_robot/models) by extensions ['colcon_pkg']
[0.171s] Level 1:colcon.colcon_core.package_identification:_identify(/home/ruby/trento_lab_home/ros_ws/src/locosim/robot_control/base_controllers/tracked_robot/models) by extension 'colcon_pkg'
[0.171s] Level 1:colcon.colcon_core.package_identification:_identify(/home/ruby/trento_lab_home/ros_ws/src/locosim/robot_control/base_controllers/tracked_robot/models) by extensions ['colcon_meta']
[0.171s] Level 1:colcon.colcon_core.package_identification:_identify(/home/ruby/trento_lab_home/ros_ws/src/locosim/robot_control/base_controllers/tracked_robot/models) by extension 'colcon_meta'
[0.171s] Level 1:colcon.colcon_core.package_identification:_identify(/home/ruby/trento_lab_home/ros_ws/src/locosim/robot_control/base_controllers/tracked_robot/models) by extensions ['ros']
[0.171s] Level 1:colcon.colcon_core.package_identification:_identify(/home/ruby/trento_lab_home/ros_ws/src/locosim/robot_control/base_controllers/tracked_robot/models) by extension 'ros'
[0.171s] Level 1:colcon.colcon_core.package_identification:_identify(/home/ruby/trento_lab_home/ros_ws/src/locosim/robot_control/base_controllers/tracked_robot/models) by extensions ['cmake', 'python']
[0.171s] Level 1:colcon.colcon_core.package_identification:_identify(/home/ruby/trento_lab_home/ros_ws/src/locosim/robot_control/base_controllers/tracked_robot/models) by extension 'cmake'
[0.171s] Level 1:colcon.colcon_core.package_identification:_identify(/home/ruby/trento_lab_home/ros_ws/src/locosim/robot_control/base_controllers/tracked_robot/models) by extension 'python'
[0.171s] Level 1:colcon.colcon_core.package_identification:_identify(/home/ruby/trento_lab_home/ros_ws/src/locosim/robot_control/base_controllers/tracked_robot/models) by extensions ['python_setup_py']
[0.171s] Level 1:colcon.colcon_core.package_identification:_identify(/home/ruby/trento_lab_home/ros_ws/src/locosim/robot_control/base_controllers/tracked_robot/models) by extension 'python_setup_py'
[0.172s] Level 1:colcon.colcon_core.package_identification:_identify(/home/ruby/trento_lab_home/ros_ws/src/locosim/robot_control/base_controllers/tracked_robot/regressor) by extensions ['ignore', 'ignore_ament_install']
[0.172s] Level 1:colcon.colcon_core.package_identification:_identify(/home/ruby/trento_lab_home/ros_ws/src/locosim/robot_control/base_controllers/tracked_robot/regressor) by extension 'ignore'
[0.172s] Level 1:colcon.colcon_core.package_identification:_identify(/home/ruby/trento_lab_home/ros_ws/src/locosim/robot_control/base_controllers/tracked_robot/regressor) by extension 'ignore_ament_install'
[0.172s] Level 1:colcon.colcon_core.package_identification:_identify(/home/ruby/trento_lab_home/ros_ws/src/locosim/robot_control/base_controllers/tracked_robot/regressor) by extensions ['colcon_pkg']
[0.172s] Level 1:colcon.colcon_core.package_identification:_identify(/home/ruby/trento_lab_home/ros_ws/src/locosim/robot_control/base_controllers/tracked_robot/regressor) by extension 'colcon_pkg'
[0.172s] Level 1:colcon.colcon_core.package_identification:_identify(/home/ruby/trento_lab_home/ros_ws/src/locosim/robot_control/base_controllers/tracked_robot/regressor) by extensions ['colcon_meta']
[0.172s] Level 1:colcon.colcon_core.package_identification:_identify(/home/ruby/trento_lab_home/ros_ws/src/locosim/robot_control/base_controllers/tracked_robot/regressor) by extension 'colcon_meta'
[0.172s] Level 1:colcon.colcon_core.package_identification:_identify(/home/ruby/trento_lab_home/ros_ws/src/locosim/robot_control/base_controllers/tracked_robot/regressor) by extensions ['ros']
[0.172s] Level 1:colcon.colcon_core.package_identification:_identify(/home/ruby/trento_lab_home/ros_ws/src/locosim/robot_control/base_controllers/tracked_robot/regressor) by extension 'ros'
[0.172s] Level 1:colcon.colcon_core.package_identification:_identify(/home/ruby/trento_lab_home/ros_ws/src/locosim/robot_control/base_controllers/tracked_robot/regressor) by extensions ['cmake', 'python']
[0.172s] Level 1:colcon.colcon_core.package_identification:_identify(/home/ruby/trento_lab_home/ros_ws/src/locosim/robot_control/base_controllers/tracked_robot/regressor) by extension 'cmake'
[0.172s] Level 1:colcon.colcon_core.package_identification:_identify(/home/ruby/trento_lab_home/ros_ws/src/locosim/robot_control/base_controllers/tracked_robot/regressor) by extension 'python'
[0.172s] Level 1:colcon.colcon_core.package_identification:_identify(/home/ruby/trento_lab_home/ros_ws/src/locosim/robot_control/base_controllers/tracked_robot/regressor) by extensions ['python_setup_py']
[0.172s] Level 1:colcon.colcon_core.package_identification:_identify(/home/ruby/trento_lab_home/ros_ws/src/locosim/robot_control/base_controllers/tracked_robot/regressor) by extension 'python_setup_py'
[0.172s] Level 1:colcon.colcon_core.package_identification:_identify(/home/ruby/trento_lab_home/ros_ws/src/locosim/robot_control/base_controllers/tracked_robot/regressor/NN) by extensions ['ignore', 'ignore_ament_install']
[0.172s] Level 1:colcon.colcon_core.package_identification:_identify(/home/ruby/trento_lab_home/ros_ws/src/locosim/robot_control/base_controllers/tracked_robot/regressor/NN) by extension 'ignore'
[0.172s] Level 1:colcon.colcon_core.package_identification:_identify(/home/ruby/trento_lab_home/ros_ws/src/locosim/robot_control/base_controllers/tracked_robot/regressor/NN) by extension 'ignore_ament_install'
[0.172s] Level 1:colcon.colcon_core.package_identification:_identify(/home/ruby/trento_lab_home/ros_ws/src/locosim/robot_control/base_controllers/tracked_robot/regressor/NN) by extensions ['colcon_pkg']
[0.172s] Level 1:colcon.colcon_core.package_identification:_identify(/home/ruby/trento_lab_home/ros_ws/src/locosim/robot_control/base_controllers/tracked_robot/regressor/NN) by extension 'colcon_pkg'
[0.172s] Level 1:colcon.colcon_core.package_identification:_identify(/home/ruby/trento_lab_home/ros_ws/src/locosim/robot_control/base_controllers/tracked_robot/regressor/NN) by extensions ['colcon_meta']
[0.172s] Level 1:colcon.colcon_core.package_identification:_identify(/home/ruby/trento_lab_home/ros_ws/src/locosim/robot_control/base_controllers/tracked_robot/regressor/NN) by extension 'colcon_meta'
[0.172s] Level 1:colcon.colcon_core.package_identification:_identify(/home/ruby/trento_lab_home/ros_ws/src/locosim/robot_control/base_controllers/tracked_robot/regressor/NN) by extensions ['ros']
[0.172s] Level 1:colcon.colcon_core.package_identification:_identify(/home/ruby/trento_lab_home/ros_ws/src/locosim/robot_control/base_controllers/tracked_robot/regressor/NN) by extension 'ros'
[0.172s] Level 1:colcon.colcon_core.package_identification:_identify(/home/ruby/trento_lab_home/ros_ws/src/locosim/robot_control/base_controllers/tracked_robot/regressor/NN) by extensions ['cmake', 'python']
[0.172s] Level 1:colcon.colcon_core.package_identification:_identify(/home/ruby/trento_lab_home/ros_ws/src/locosim/robot_control/base_controllers/tracked_robot/regressor/NN) by extension 'cmake'
[0.172s] Level 1:colcon.colcon_core.package_identification:_identify(/home/ruby/trento_lab_home/ros_ws/src/locosim/robot_control/base_controllers/tracked_robot/regressor/NN) by extension 'python'
[0.172s] Level 1:colcon.colcon_core.package_identification:_identify(/home/ruby/trento_lab_home/ros_ws/src/locosim/robot_control/base_controllers/tracked_robot/regressor/NN) by extensions ['python_setup_py']
[0.172s] Level 1:colcon.colcon_core.package_identification:_identify(/home/ruby/trento_lab_home/ros_ws/src/locosim/robot_control/base_controllers/tracked_robot/regressor/NN) by extension 'python_setup_py'
[0.173s] Level 1:colcon.colcon_core.package_identification:_identify(/home/ruby/trento_lab_home/ros_ws/src/locosim/robot_control/base_controllers/tracked_robot/regressor/NN/scalers) by extensions ['ignore', 'ignore_ament_install']
[0.173s] Level 1:colcon.colcon_core.package_identification:_identify(/home/ruby/trento_lab_home/ros_ws/src/locosim/robot_control/base_controllers/tracked_robot/regressor/NN/scalers) by extension 'ignore'
[0.173s] Level 1:colcon.colcon_core.package_identification:_identify(/home/ruby/trento_lab_home/ros_ws/src/locosim/robot_control/base_controllers/tracked_robot/regressor/NN/scalers) by extension 'ignore_ament_install'
[0.173s] Level 1:colcon.colcon_core.package_identification:_identify(/home/ruby/trento_lab_home/ros_ws/src/locosim/robot_control/base_controllers/tracked_robot/regressor/NN/scalers) by extensions ['colcon_pkg']
[0.173s] Level 1:colcon.colcon_core.package_identification:_identify(/home/ruby/trento_lab_home/ros_ws/src/locosim/robot_control/base_controllers/tracked_robot/regressor/NN/scalers) by extension 'colcon_pkg'
[0.173s] Level 1:colcon.colcon_core.package_identification:_identify(/home/ruby/trento_lab_home/ros_ws/src/locosim/robot_control/base_controllers/tracked_robot/regressor/NN/scalers) by extensions ['colcon_meta']
[0.173s] Level 1:colcon.colcon_core.package_identification:_identify(/home/ruby/trento_lab_home/ros_ws/src/locosim/robot_control/base_controllers/tracked_robot/regressor/NN/scalers) by extension 'colcon_meta'
[0.173s] Level 1:colcon.colcon_core.package_identification:_identify(/home/ruby/trento_lab_home/ros_ws/src/locosim/robot_control/base_controllers/tracked_robot/regressor/NN/scalers) by extensions ['ros']
[0.173s] Level 1:colcon.colcon_core.package_identification:_identify(/home/ruby/trento_lab_home/ros_ws/src/locosim/robot_control/base_controllers/tracked_robot/regressor/NN/scalers) by extension 'ros'
[0.173s] Level 1:colcon.colcon_core.package_identification:_identify(/home/ruby/trento_lab_home/ros_ws/src/locosim/robot_control/base_controllers/tracked_robot/regressor/NN/scalers) by extensions ['cmake', 'python']
[0.173s] Level 1:colcon.colcon_core.package_identification:_identify(/home/ruby/trento_lab_home/ros_ws/src/locosim/robot_control/base_controllers/tracked_robot/regressor/NN/scalers) by extension 'cmake'
[0.173s] Level 1:colcon.colcon_core.package_identification:_identify(/home/ruby/trento_lab_home/ros_ws/src/locosim/robot_control/base_controllers/tracked_robot/regressor/NN/scalers) by extension 'python'
[0.173s] Level 1:colcon.colcon_core.package_identification:_identify(/home/ruby/trento_lab_home/ros_ws/src/locosim/robot_control/base_controllers/tracked_robot/regressor/NN/scalers) by extensions ['python_setup_py']
[0.173s] Level 1:colcon.colcon_core.package_identification:_identify(/home/ruby/trento_lab_home/ros_ws/src/locosim/robot_control/base_controllers/tracked_robot/regressor/NN/scalers) by extension 'python_setup_py'
[0.173s] Level 1:colcon.colcon_core.package_identification:_identify(/home/ruby/trento_lab_home/ros_ws/src/locosim/robot_control/base_controllers/tracked_robot/regressor/data2d) by extensions ['ignore', 'ignore_ament_install']
[0.173s] Level 1:colcon.colcon_core.package_identification:_identify(/home/ruby/trento_lab_home/ros_ws/src/locosim/robot_control/base_controllers/tracked_robot/regressor/data2d) by extension 'ignore'
[0.173s] Level 1:colcon.colcon_core.package_identification:_identify(/home/ruby/trento_lab_home/ros_ws/src/locosim/robot_control/base_controllers/tracked_robot/regressor/data2d) by extension 'ignore_ament_install'
[0.173s] Level 1:colcon.colcon_core.package_identification:_identify(/home/ruby/trento_lab_home/ros_ws/src/locosim/robot_control/base_controllers/tracked_robot/regressor/data2d) by extensions ['colcon_pkg']
[0.173s] Level 1:colcon.colcon_core.package_identification:_identify(/home/ruby/trento_lab_home/ros_ws/src/locosim/robot_control/base_controllers/tracked_robot/regressor/data2d) by extension 'colcon_pkg'
[0.173s] Level 1:colcon.colcon_core.package_identification:_identify(/home/ruby/trento_lab_home/ros_ws/src/locosim/robot_control/base_controllers/tracked_robot/regressor/data2d) by extensions ['colcon_meta']
[0.173s] Level 1:colcon.colcon_core.package_identification:_identify(/home/ruby/trento_lab_home/ros_ws/src/locosim/robot_control/base_controllers/tracked_robot/regressor/data2d) by extension 'colcon_meta'
[0.173s] Level 1:colcon.colcon_core.package_identification:_identify(/home/ruby/trento_lab_home/ros_ws/src/locosim/robot_control/base_controllers/tracked_robot/regressor/data2d) by extensions ['ros']
[0.173s] Level 1:colcon.colcon_core.package_identification:_identify(/home/ruby/trento_lab_home/ros_ws/src/locosim/robot_control/base_controllers/tracked_robot/regressor/data2d) by extension 'ros'
[0.173s] Level 1:colcon.colcon_core.package_identification:_identify(/home/ruby/trento_lab_home/ros_ws/src/locosim/robot_control/base_controllers/tracked_robot/regressor/data2d) by extensions ['cmake', 'python']
[0.173s] Level 1:colcon.colcon_core.package_identification:_identify(/home/ruby/trento_lab_home/ros_ws/src/locosim/robot_control/base_controllers/tracked_robot/regressor/data2d) by extension 'cmake'
[0.173s] Level 1:colcon.colcon_core.package_identification:_identify(/home/ruby/trento_lab_home/ros_ws/src/locosim/robot_control/base_controllers/tracked_robot/regressor/data2d) by extension 'python'
[0.173s] Level 1:colcon.colcon_core.package_identification:_identify(/home/ruby/trento_lab_home/ros_ws/src/locosim/robot_control/base_controllers/tracked_robot/regressor/data2d) by extensions ['python_setup_py']
[0.173s] Level 1:colcon.colcon_core.package_identification:_identify(/home/ruby/trento_lab_home/ros_ws/src/locosim/robot_control/base_controllers/tracked_robot/regressor/data2d) by extension 'python_setup_py'
[0.173s] Level 1:colcon.colcon_core.package_identification:_identify(/home/ruby/trento_lab_home/ros_ws/src/locosim/robot_control/base_controllers/tracked_robot/regressor/data2d/csv) by extensions ['ignore', 'ignore_ament_install']
[0.173s] Level 1:colcon.colcon_core.package_identification:_identify(/home/ruby/trento_lab_home/ros_ws/src/locosim/robot_control/base_controllers/tracked_robot/regressor/data2d/csv) by extension 'ignore'
[0.173s] Level 1:colcon.colcon_core.package_identification:_identify(/home/ruby/trento_lab_home/ros_ws/src/locosim/robot_control/base_controllers/tracked_robot/regressor/data2d/csv) by extension 'ignore_ament_install'
[0.174s] Level 1:colcon.colcon_core.package_identification:_identify(/home/ruby/trento_lab_home/ros_ws/src/locosim/robot_control/base_controllers/tracked_robot/regressor/data2d/csv) by extensions ['colcon_pkg']
[0.174s] Level 1:colcon.colcon_core.package_identification:_identify(/home/ruby/trento_lab_home/ros_ws/src/locosim/robot_control/base_controllers/tracked_robot/regressor/data2d/csv) by extension 'colcon_pkg'
[0.174s] Level 1:colcon.colcon_core.package_identification:_identify(/home/ruby/trento_lab_home/ros_ws/src/locosim/robot_control/base_controllers/tracked_robot/regressor/data2d/csv) by extensions ['colcon_meta']
[0.174s] Level 1:colcon.colcon_core.package_identification:_identify(/home/ruby/trento_lab_home/ros_ws/src/locosim/robot_control/base_controllers/tracked_robot/regressor/data2d/csv) by extension 'colcon_meta'
[0.174s] Level 1:colcon.colcon_core.package_identification:_identify(/home/ruby/trento_lab_home/ros_ws/src/locosim/robot_control/base_controllers/tracked_robot/regressor/data2d/csv) by extensions ['ros']
[0.174s] Level 1:colcon.colcon_core.package_identification:_identify(/home/ruby/trento_lab_home/ros_ws/src/locosim/robot_control/base_controllers/tracked_robot/regressor/data2d/csv) by extension 'ros'
[0.174s] Level 1:colcon.colcon_core.package_identification:_identify(/home/ruby/trento_lab_home/ros_ws/src/locosim/robot_control/base_controllers/tracked_robot/regressor/data2d/csv) by extensions ['cmake', 'python']
[0.174s] Level 1:colcon.colcon_core.package_identification:_identify(/home/ruby/trento_lab_home/ros_ws/src/locosim/robot_control/base_controllers/tracked_robot/regressor/data2d/csv) by extension 'cmake'
[0.174s] Level 1:colcon.colcon_core.package_identification:_identify(/home/ruby/trento_lab_home/ros_ws/src/locosim/robot_control/base_controllers/tracked_robot/regressor/data2d/csv) by extension 'python'
[0.174s] Level 1:colcon.colcon_core.package_identification:_identify(/home/ruby/trento_lab_home/ros_ws/src/locosim/robot_control/base_controllers/tracked_robot/regressor/data2d/csv) by extensions ['python_setup_py']
[0.174s] Level 1:colcon.colcon_core.package_identification:_identify(/home/ruby/trento_lab_home/ros_ws/src/locosim/robot_control/base_controllers/tracked_robot/regressor/data2d/csv) by extension 'python_setup_py'
[0.174s] Level 1:colcon.colcon_core.package_identification:_identify(/home/ruby/trento_lab_home/ros_ws/src/locosim/robot_control/base_controllers/tracked_robot/simulator) by extensions ['ignore', 'ignore_ament_install']
[0.174s] Level 1:colcon.colcon_core.package_identification:_identify(/home/ruby/trento_lab_home/ros_ws/src/locosim/robot_control/base_controllers/tracked_robot/simulator) by extension 'ignore'
[0.174s] Level 1:colcon.colcon_core.package_identification:_identify(/home/ruby/trento_lab_home/ros_ws/src/locosim/robot_control/base_controllers/tracked_robot/simulator) by extension 'ignore_ament_install'
[0.174s] Level 1:colcon.colcon_core.package_identification:_identify(/home/ruby/trento_lab_home/ros_ws/src/locosim/robot_control/base_controllers/tracked_robot/simulator) by extensions ['colcon_pkg']
[0.174s] Level 1:colcon.colcon_core.package_identification:_identify(/home/ruby/trento_lab_home/ros_ws/src/locosim/robot_control/base_controllers/tracked_robot/simulator) by extension 'colcon_pkg'
[0.174s] Level 1:colcon.colcon_core.package_identification:_identify(/home/ruby/trento_lab_home/ros_ws/src/locosim/robot_control/base_controllers/tracked_robot/simulator) by extensions ['colcon_meta']
[0.174s] Level 1:colcon.colcon_core.package_identification:_identify(/home/ruby/trento_lab_home/ros_ws/src/locosim/robot_control/base_controllers/tracked_robot/simulator) by extension 'colcon_meta'
[0.174s] Level 1:colcon.colcon_core.package_identification:_identify(/home/ruby/trento_lab_home/ros_ws/src/locosim/robot_control/base_controllers/tracked_robot/simulator) by extensions ['ros']
[0.174s] Level 1:colcon.colcon_core.package_identification:_identify(/home/ruby/trento_lab_home/ros_ws/src/locosim/robot_control/base_controllers/tracked_robot/simulator) by extension 'ros'
[0.174s] Level 1:colcon.colcon_core.package_identification:_identify(/home/ruby/trento_lab_home/ros_ws/src/locosim/robot_control/base_controllers/tracked_robot/simulator) by extensions ['cmake', 'python']
[0.174s] Level 1:colcon.colcon_core.package_identification:_identify(/home/ruby/trento_lab_home/ros_ws/src/locosim/robot_control/base_controllers/tracked_robot/simulator) by extension 'cmake'
[0.174s] Level 1:colcon.colcon_core.package_identification:_identify(/home/ruby/trento_lab_home/ros_ws/src/locosim/robot_control/base_controllers/tracked_robot/simulator) by extension 'python'
[0.174s] Level 1:colcon.colcon_core.package_identification:_identify(/home/ruby/trento_lab_home/ros_ws/src/locosim/robot_control/base_controllers/tracked_robot/simulator) by extensions ['python_setup_py']
[0.174s] Level 1:colcon.colcon_core.package_identification:_identify(/home/ruby/trento_lab_home/ros_ws/src/locosim/robot_control/base_controllers/tracked_robot/simulator) by extension 'python_setup_py'
[0.174s] Level 1:colcon.colcon_core.package_identification:_identify(/home/ruby/trento_lab_home/ros_ws/src/locosim/robot_control/base_controllers/tracked_robot/tests) by extensions ['ignore', 'ignore_ament_install']
[0.174s] Level 1:colcon.colcon_core.package_identification:_identify(/home/ruby/trento_lab_home/ros_ws/src/locosim/robot_control/base_controllers/tracked_robot/tests) by extension 'ignore'
[0.174s] Level 1:colcon.colcon_core.package_identification:_identify(/home/ruby/trento_lab_home/ros_ws/src/locosim/robot_control/base_controllers/tracked_robot/tests) by extension 'ignore_ament_install'
[0.174s] Level 1:colcon.colcon_core.package_identification:_identify(/home/ruby/trento_lab_home/ros_ws/src/locosim/robot_control/base_controllers/tracked_robot/tests) by extensions ['colcon_pkg']
[0.174s] Level 1:colcon.colcon_core.package_identification:_identify(/home/ruby/trento_lab_home/ros_ws/src/locosim/robot_control/base_controllers/tracked_robot/tests) by extension 'colcon_pkg'
[0.174s] Level 1:colcon.colcon_core.package_identification:_identify(/home/ruby/trento_lab_home/ros_ws/src/locosim/robot_control/base_controllers/tracked_robot/tests) by extensions ['colcon_meta']
[0.174s] Level 1:colcon.colcon_core.package_identification:_identify(/home/ruby/trento_lab_home/ros_ws/src/locosim/robot_control/base_controllers/tracked_robot/tests) by extension 'colcon_meta'
[0.175s] Level 1:colcon.colcon_core.package_identification:_identify(/home/ruby/trento_lab_home/ros_ws/src/locosim/robot_control/base_controllers/tracked_robot/tests) by extensions ['ros']
[0.175s] Level 1:colcon.colcon_core.package_identification:_identify(/home/ruby/trento_lab_home/ros_ws/src/locosim/robot_control/base_controllers/tracked_robot/tests) by extension 'ros'
[0.175s] Level 1:colcon.colcon_core.package_identification:_identify(/home/ruby/trento_lab_home/ros_ws/src/locosim/robot_control/base_controllers/tracked_robot/tests) by extensions ['cmake', 'python']
[0.175s] Level 1:colcon.colcon_core.package_identification:_identify(/home/ruby/trento_lab_home/ros_ws/src/locosim/robot_control/base_controllers/tracked_robot/tests) by extension 'cmake'
[0.175s] Level 1:colcon.colcon_core.package_identification:_identify(/home/ruby/trento_lab_home/ros_ws/src/locosim/robot_control/base_controllers/tracked_robot/tests) by extension 'python'
[0.175s] Level 1:colcon.colcon_core.package_identification:_identify(/home/ruby/trento_lab_home/ros_ws/src/locosim/robot_control/base_controllers/tracked_robot/tests) by extensions ['python_setup_py']
[0.175s] Level 1:colcon.colcon_core.package_identification:_identify(/home/ruby/trento_lab_home/ros_ws/src/locosim/robot_control/base_controllers/tracked_robot/tests) by extension 'python_setup_py'
[0.175s] Level 1:colcon.colcon_core.package_identification:_identify(/home/ruby/trento_lab_home/ros_ws/src/locosim/robot_control/base_controllers/tracked_robot/utils) by extensions ['ignore', 'ignore_ament_install']
[0.175s] Level 1:colcon.colcon_core.package_identification:_identify(/home/ruby/trento_lab_home/ros_ws/src/locosim/robot_control/base_controllers/tracked_robot/utils) by extension 'ignore'
[0.175s] Level 1:colcon.colcon_core.package_identification:_identify(/home/ruby/trento_lab_home/ros_ws/src/locosim/robot_control/base_controllers/tracked_robot/utils) by extension 'ignore_ament_install'
[0.175s] Level 1:colcon.colcon_core.package_identification:_identify(/home/ruby/trento_lab_home/ros_ws/src/locosim/robot_control/base_controllers/tracked_robot/utils) by extensions ['colcon_pkg']
[0.175s] Level 1:colcon.colcon_core.package_identification:_identify(/home/ruby/trento_lab_home/ros_ws/src/locosim/robot_control/base_controllers/tracked_robot/utils) by extension 'colcon_pkg'
[0.175s] Level 1:colcon.colcon_core.package_identification:_identify(/home/ruby/trento_lab_home/ros_ws/src/locosim/robot_control/base_controllers/tracked_robot/utils) by extensions ['colcon_meta']
[0.175s] Level 1:colcon.colcon_core.package_identification:_identify(/home/ruby/trento_lab_home/ros_ws/src/locosim/robot_control/base_controllers/tracked_robot/utils) by extension 'colcon_meta'
[0.175s] Level 1:colcon.colcon_core.package_identification:_identify(/home/ruby/trento_lab_home/ros_ws/src/locosim/robot_control/base_controllers/tracked_robot/utils) by extensions ['ros']
[0.175s] Level 1:colcon.colcon_core.package_identification:_identify(/home/ruby/trento_lab_home/ros_ws/src/locosim/robot_control/base_controllers/tracked_robot/utils) by extension 'ros'
[0.175s] Level 1:colcon.colcon_core.package_identification:_identify(/home/ruby/trento_lab_home/ros_ws/src/locosim/robot_control/base_controllers/tracked_robot/utils) by extensions ['cmake', 'python']
[0.175s] Level 1:colcon.colcon_core.package_identification:_identify(/home/ruby/trento_lab_home/ros_ws/src/locosim/robot_control/base_controllers/tracked_robot/utils) by extension 'cmake'
[0.175s] Level 1:colcon.colcon_core.package_identification:_identify(/home/ruby/trento_lab_home/ros_ws/src/locosim/robot_control/base_controllers/tracked_robot/utils) by extension 'python'
[0.175s] Level 1:colcon.colcon_core.package_identification:_identify(/home/ruby/trento_lab_home/ros_ws/src/locosim/robot_control/base_controllers/tracked_robot/utils) by extensions ['python_setup_py']
[0.175s] Level 1:colcon.colcon_core.package_identification:_identify(/home/ruby/trento_lab_home/ros_ws/src/locosim/robot_control/base_controllers/tracked_robot/utils) by extension 'python_setup_py'
[0.175s] Level 1:colcon.colcon_core.package_identification:_identify(/home/ruby/trento_lab_home/ros_ws/src/locosim/robot_control/base_controllers/utils) by extensions ['ignore', 'ignore_ament_install']
[0.175s] Level 1:colcon.colcon_core.package_identification:_identify(/home/ruby/trento_lab_home/ros_ws/src/locosim/robot_control/base_controllers/utils) by extension 'ignore'
[0.175s] Level 1:colcon.colcon_core.package_identification:_identify(/home/ruby/trento_lab_home/ros_ws/src/locosim/robot_control/base_controllers/utils) by extension 'ignore_ament_install'
[0.175s] Level 1:colcon.colcon_core.package_identification:_identify(/home/ruby/trento_lab_home/ros_ws/src/locosim/robot_control/base_controllers/utils) by extensions ['colcon_pkg']
[0.175s] Level 1:colcon.colcon_core.package_identification:_identify(/home/ruby/trento_lab_home/ros_ws/src/locosim/robot_control/base_controllers/utils) by extension 'colcon_pkg'
[0.175s] Level 1:colcon.colcon_core.package_identification:_identify(/home/ruby/trento_lab_home/ros_ws/src/locosim/robot_control/base_controllers/utils) by extensions ['colcon_meta']
[0.175s] Level 1:colcon.colcon_core.package_identification:_identify(/home/ruby/trento_lab_home/ros_ws/src/locosim/robot_control/base_controllers/utils) by extension 'colcon_meta'
[0.175s] Level 1:colcon.colcon_core.package_identification:_identify(/home/ruby/trento_lab_home/ros_ws/src/locosim/robot_control/base_controllers/utils) by extensions ['ros']
[0.175s] Level 1:colcon.colcon_core.package_identification:_identify(/home/ruby/trento_lab_home/ros_ws/src/locosim/robot_control/base_controllers/utils) by extension 'ros'
[0.175s] Level 1:colcon.colcon_core.package_identification:_identify(/home/ruby/trento_lab_home/ros_ws/src/locosim/robot_control/base_controllers/utils) by extensions ['cmake', 'python']
[0.175s] Level 1:colcon.colcon_core.package_identification:_identify(/home/ruby/trento_lab_home/ros_ws/src/locosim/robot_control/base_controllers/utils) by extension 'cmake'
[0.175s] Level 1:colcon.colcon_core.package_identification:_identify(/home/ruby/trento_lab_home/ros_ws/src/locosim/robot_control/base_controllers/utils) by extension 'python'
[0.176s] Level 1:colcon.colcon_core.package_identification:_identify(/home/ruby/trento_lab_home/ros_ws/src/locosim/robot_control/base_controllers/utils) by extensions ['python_setup_py']
[0.176s] Level 1:colcon.colcon_core.package_identification:_identify(/home/ruby/trento_lab_home/ros_ws/src/locosim/robot_control/base_controllers/utils) by extension 'python_setup_py'
[0.176s] Level 1:colcon.colcon_core.package_discovery:discover_packages(recursive) using defaults
