{
    "min_action": -5,
    "max_action": 5,
    "lerp_time": 0.1,
    "t_th_min": 0.4,
    "t_th_max": 1.0,
    "x_theta_min": 0.7853981633974483,
    "x_theta_max": 1.5707963267948966,
    "x_r_min": 0.2,
    "x_r_max": 0.4,
    "xd_theta_min": 0.5235987755982988,
    "xd_theta_max": 1.5707963267948966,
    "xd_r_min": 0.5,
    "xd_r_max": 5,
    "psi_min": -0.5235987755982988,
    "psi_max": 0.5235987755982988,
    "theta_min": -0.5235987755982988,
    "theta_max": 0.5235987755982988,
    "phi_min": -0.7853981633974483,
    "phi_max": 0.7853981633974483,
    "psid_min": -1,
    "psid_max": 1,
    "thetad_min": -1,
    "thetad_max": 1,
    "phid_min": -4,
    "phid_max": 4,
    "xd_mult_min": 1,
    "xd_mult_max": 3,
    "l_expl_min": 0,
    "l_expl_max": 0.3
}